,CC,CD,DT,EX,IN,JJ,JJR,JJS,MD,NN,NNP,NNPS,NNS,NONE,PDT,PRP,RB,RBR,RBS,RP,TO,UH,VB,VBD,VBG,VBN,VBP,VBZ,WDT,WP,WRB,averageWordLength,clauseWordNumber,missSpelling,score,sentenceNumber,wordNumber
0,27,4,44,0,53,26,0,1,8,98,52,0,14,0,0,122,22,0,0,5,24,0,25,89,10,8,18,2,3,2,7,4.812345679012346,3,75,34,40,405
1,31,2,69,2,85,44,3,1,14,98,19,0,39,0,0,113,55,2,1,7,24,0,34,69,15,13,27,6,2,1,4,4.75,3,11,46,30,448
2,33,11,83,0,106,49,3,4,17,126,10,0,43,0,1,112,44,1,1,4,21,0,36,61,25,6,21,9,6,6,9,5.076612903225806,10,10,40,40,496
3,10,7,80,3,83,31,3,3,12,107,18,0,20,0,0,99,42,1,0,9,17,0,21,38,18,15,37,18,4,7,2,4.549450549450549,8,15,30,24,364
4,30,1,36,1,56,23,2,0,1,87,40,0,10,0,0,124,53,1,0,7,16,0,16,93,9,8,23,3,0,2,3,4.5552147239263805,3,64,26,29,326
5,6,4,53,0,69,20,0,1,3,111,165,0,18,0,0,68,35,1,0,3,21,0,18,15,17,3,35,26,1,0,1,5.43811394891945,1,149,40,69,509
6,32,2,64,1,91,41,3,2,5,116,81,0,25,0,0,111,48,2,0,15,20,0,24,79,18,19,12,2,2,0,7,5.31062124248497,3,71,40,87,499
7,19,1,22,2,39,17,0,1,2,42,8,0,5,0,0,35,24,0,0,1,13,0,21,1,1,2,18,12,0,0,5,5.075342465753424,0,0,34,19,146
8,33,5,63,0,105,52,1,7,12,111,20,0,33,0,0,77,47,0,0,4,13,0,30,18,19,12,30,23,7,6,5,5.6048780487804875,6,17,41,47,410
9,19,6,41,2,67,22,3,5,7,82,50,0,26,0,0,53,45,1,0,5,7,0,13,17,12,4,22,14,0,5,8,5.525073746312684,5,45,40,39,339
10,16,4,52,1,52,17,2,0,6,83,15,0,26,0,1,50,17,1,0,4,10,0,13,24,12,6,15,6,3,0,3,5.108870967741935,1,28,31,19,248
11,6,1,82,0,103,43,3,2,7,123,78,1,44,0,0,90,42,3,1,5,22,0,23,65,19,12,16,11,2,3,9,6.266666666666667,2,74,44,40,480
12,25,12,48,1,68,37,1,2,23,119,5,0,23,0,0,190,65,2,0,2,15,0,40,48,12,7,37,19,7,1,6,4.692682926829268,1,26,31,17,410
13,18,2,35,0,59,30,2,3,9,75,24,2,17,0,0,87,38,1,0,3,15,0,29,23,11,5,33,22,2,0,14,5.331147540983607,0,30,36,31,305
14,31,3,55,1,99,35,3,7,4,93,92,0,22,0,0,84,53,0,0,5,15,0,17,56,22,9,17,19,1,5,15,5.791411042944786,5,84,43,54,489
15,5,1,8,0,19,9,0,0,3,12,6,0,8,0,0,17,6,1,0,0,4,0,6,8,3,2,9,1,0,1,2,5.698630136986301,1,0,20,11,73
16,28,6,39,2,80,43,1,5,17,89,48,0,23,0,0,93,48,0,0,3,24,0,39,57,10,9,22,10,3,4,8,5.127962085308057,5,35,45,37,422
17,18,6,34,1,57,22,1,8,9,57,21,0,17,0,0,80,50,0,0,4,18,0,24,29,14,8,23,15,1,3,8,4.966887417218543,6,10,40,37,302
18,44,6,49,2,71,38,0,3,13,87,30,2,36,0,1,116,51,1,0,6,18,0,34,21,8,8,35,43,3,1,8,4.886075949367089,4,12,30,56,395
19,13,3,23,0,24,15,4,5,1,43,15,0,16,0,0,33,15,0,1,1,3,0,5,3,11,3,9,28,2,1,3,5.402366863905326,1,7,35,30,169
20,31,4,66,1,76,26,1,2,7,100,24,0,25,0,1,65,33,0,1,16,22,0,24,41,19,7,17,9,2,1,9,5.050295857988166,1,22,40,28,338
21,30,7,74,0,118,24,0,1,8,140,72,0,27,0,0,87,57,0,0,9,20,0,25,88,14,18,8,7,6,2,6,5.645962732919255,9,66,42,62,483
22,4,0,36,0,61,30,2,0,3,66,68,0,13,0,0,55,30,0,0,1,12,1,10,39,22,6,11,1,3,0,4,6.272030651340996,2,83,34,30,261
23,41,6,46,0,82,52,3,1,17,93,10,0,12,0,0,154,84,0,0,7,36,0,42,61,18,15,39,12,2,0,11,4.683720930232558,8,43,33,36,430
24,8,5,26,1,48,11,3,5,4,46,12,0,12,0,2,50,16,1,1,8,16,0,17,24,8,9,11,8,0,4,0,5.288659793814433,3,3,38,23,194
25,39,5,54,2,61,39,1,3,6,85,24,1,13,0,0,113,39,1,0,7,24,0,26,70,8,11,28,6,4,6,12,5.166666666666667,9,38,36,40,360
26,22,4,38,0,75,29,0,0,9,78,16,0,18,0,1,118,31,1,0,7,22,0,25,62,16,21,11,5,0,3,2,4.765578635014837,3,9,45,42,337
27,27,5,58,2,102,45,7,2,8,124,18,0,21,0,0,126,37,2,0,5,44,0,43,35,31,6,34,33,5,1,8,5.01605504587156,2,9,31,41,436
28,9,1,23,1,23,6,10,3,5,36,16,0,4,0,0,26,10,4,0,2,3,0,6,10,6,5,9,4,0,1,3,5.753968253968254,1,13,30,17,126
29,45,2,68,4,77,48,4,3,18,100,8,1,30,0,0,93,54,1,1,5,28,0,45,18,15,13,35,9,2,6,4,5.135135135135135,7,7,34,20,370
30,33,4,72,0,94,38,1,2,14,77,47,0,29,0,0,78,41,2,1,7,22,0,29,69,13,12,13,8,4,3,14,5.548672566371682,3,49,33,37,339
31,28,5,48,4,96,37,4,1,9,76,49,1,17,0,0,165,53,0,0,2,30,0,35,89,25,10,48,8,3,0,6,4.989775051124744,4,49,40,61,489
32,32,5,50,0,78,33,4,3,2,103,45,0,17,0,0,132,60,0,1,6,14,0,10,87,17,12,12,4,4,1,2,5.056034482758621,4,32,47,60,464
33,9,9,61,2,95,36,3,3,6,116,72,0,38,0,0,128,53,0,0,7,27,0,28,81,27,10,14,3,3,3,1,5.530864197530864,3,69,30,54,486
34,36,7,71,3,90,43,0,3,11,118,24,1,35,0,3,119,45,1,0,8,34,0,32,59,31,18,28,10,2,4,11,5.241525423728813,6,18,40,61,472
35,15,4,36,0,38,28,0,1,6,63,15,0,18,0,1,70,34,0,0,8,14,0,14,32,11,4,21,11,2,3,6,5.282700421940929,6,16,32,22,237
36,34,7,64,2,104,37,2,0,8,128,64,0,27,0,2,115,53,1,0,10,0,0,17,82,24,15,31,5,4,2,6,4.553875236294896,3,56,40,52,529
37,23,2,28,0,28,13,3,0,1,47,11,0,6,0,0,44,23,1,0,3,6,0,6,30,6,7,6,3,2,1,4,4.162921348314606,2,8,30,8,178
38,35,6,84,1,81,27,1,3,6,112,88,0,51,0,0,87,35,0,1,13,33,0,37,68,16,28,9,14,6,1,4,5.871369294605809,2,75,40,48,482
39,44,9,64,4,103,51,5,1,5,106,73,0,40,0,2,82,59,2,0,7,21,0,25,75,17,14,12,5,3,1,2,5.763860369609857,2,60,45,57,487
40,21,2,39,3,80,21,2,3,4,102,51,0,14,0,0,85,40,1,0,6,22,0,24,71,13,10,21,7,0,2,8,5.128329297820823,4,50,45,64,413
41,3,11,66,1,116,21,5,2,15,127,77,0,28,0,0,95,67,2,0,6,30,0,39,66,20,24,12,4,5,0,2,5.099437148217636,0,76,45,51,533
42,12,13,67,1,81,47,4,4,6,102,86,0,38,0,1,93,62,1,1,9,26,0,22,52,25,22,23,15,3,5,11,5.767258382642998,6,63,50,101,507
43,13,12,36,1,65,31,2,0,5,48,8,0,19,0,0,48,42,2,0,1,19,0,23,31,12,3,10,5,1,1,4,5.271653543307087,4,6,39,32,254
44,8,6,24,0,39,13,1,2,2,40,25,1,8,0,0,55,31,0,1,5,6,0,7,48,11,8,10,3,0,1,4,5.423255813953489,2,24,33,28,215
45,16,4,32,0,56,12,2,0,2,73,111,0,7,0,0,86,25,0,0,7,0,0,8,63,12,1,13,4,3,3,5,5.030812324929972,4,99,33,34,357
46,18,4,36,1,62,11,3,1,10,63,30,0,14,0,0,74,34,0,0,4,11,0,20,38,10,6,14,6,3,2,2,4.351170568561873,3,25,34,46,299
47,27,6,57,0,61,25,2,2,4,65,26,0,5,0,0,72,40,0,0,3,27,0,24,63,19,8,5,2,1,0,6,4.6268115942028984,1,19,40,31,276
48,15,4,25,0,44,4,3,4,2,45,15,0,5,0,0,48,28,0,0,5,5,0,6,37,12,5,5,0,0,0,2,5.577922077922078,0,26,33,14,154
49,24,8,43,0,81,33,2,3,4,76,31,1,18,0,0,104,36,2,0,4,28,0,26,46,19,10,23,17,4,5,7,5.460567823343848,7,35,33,31,317
50,2,4,33,0,43,23,1,3,9,70,60,0,13,0,1,69,30,1,0,1,9,0,17,38,17,6,16,14,0,0,5,5.091463414634147,2,49,40,41,328
51,25,4,66,1,55,26,3,3,10,90,40,0,31,0,0,68,38,0,0,3,14,0,18,40,19,9,16,11,0,6,5,5.252873563218391,6,32,36,32,348
52,28,6,57,1,76,41,3,3,8,87,24,0,30,0,1,88,40,0,1,2,20,0,30,37,8,15,23,12,1,3,5,4.85595567867036,4,15,37,34,361
53,30,6,56,0,98,40,4,4,5,109,47,0,28,0,0,111,33,1,0,5,24,0,22,22,16,9,41,24,0,2,14,5.171084337349398,2,35,40,48,415
54,18,8,65,4,75,29,3,3,4,86,29,0,22,0,0,61,21,1,0,7,17,0,15,60,22,12,9,4,0,2,2,4.954423592493297,1,21,33,44,373
55,24,4,59,1,81,44,4,2,8,88,13,0,27,0,0,84,37,1,0,4,13,0,30,11,14,8,37,13,3,2,10,4.783475783475783,1,2,37,39,351
56,20,5,43,0,51,24,1,2,6,85,24,0,21,0,1,62,28,3,0,3,11,0,19,34,8,12,17,6,2,1,2,5.204946996466431,1,21,42,32,283
57,10,1,23,0,43,28,5,1,3,40,22,1,25,0,0,54,27,0,0,2,12,0,8,3,12,5,17,17,1,1,6,4.683333333333334,3,12,40,29,240
58,30,4,34,0,55,44,3,2,6,78,34,0,25,0,0,54,33,0,1,2,25,0,26,40,13,12,14,14,7,5,4,5.286585365853658,6,25,40,32,328
59,11,1,31,1,42,14,1,6,4,59,12,0,12,0,2,36,14,1,0,3,6,0,8,18,11,4,12,9,4,0,3,5.582417582417582,0,7,38,23,182
60,12,2,19,1,29,9,1,1,7,48,14,0,11,0,0,50,12,0,0,2,5,0,15,18,4,2,8,10,0,3,2,5.153846153846154,3,9,31,30,169
61,41,2,51,3,84,30,3,4,8,117,36,0,30,0,0,116,52,4,1,9,21,0,30,84,15,26,13,6,0,2,4,5.199134199134199,2,19,42,57,462
62,20,2,48,4,79,39,4,2,12,72,11,1,29,0,0,101,49,0,2,2,13,0,28,20,23,13,32,15,5,1,10,5.067448680351906,4,3,40,35,341
63,21,3,31,1,63,32,4,0,6,68,24,1,12,0,0,104,39,2,1,5,30,0,37,61,25,7,12,2,3,9,4,4.979472140762463,10,23,35,38,341
64,35,4,68,1,85,41,7,2,5,147,109,1,32,0,0,63,37,0,0,6,24,0,26,76,25,18,17,8,3,2,4,5.373626373626373,3,105,35,71,546
65,14,8,22,2,30,6,3,4,1,34,7,0,13,0,0,22,18,2,2,2,5,0,8,8,3,1,8,7,1,1,2,5.578125,1,6,33,14,128
66,17,4,37,0,68,19,4,1,11,78,103,0,12,0,0,47,15,1,0,2,22,0,31,48,11,8,7,6,2,4,6,6.266253869969041,3,101,33,56,323
67,40,2,52,2,99,25,3,3,14,104,35,2,20,0,1,138,56,0,0,12,28,0,40,42,16,8,37,24,4,8,15,4.876777251184834,10,26,30,31,422
68,12,0,31,3,53,30,1,0,8,46,17,0,20,0,0,56,22,1,0,0,8,0,21,16,16,8,15,11,3,1,6,4.5396825396825395,1,11,37,19,252
69,15,0,20,0,46,20,2,2,1,71,14,0,8,0,0,81,23,1,0,5,13,0,14,39,19,5,12,3,3,1,6,4.897435897435898,2,13,40,23,234
70,51,2,62,0,80,48,2,3,3,88,36,0,37,0,0,123,78,0,0,8,20,0,29,55,19,21,45,14,5,6,9,5.176842105263158,5,31,40,42,475
71,31,4,43,3,58,36,2,0,4,82,36,0,27,0,0,76,36,0,1,5,10,0,14,57,16,4,14,6,4,3,1,5.270348837209302,3,25,35,35,344
72,16,0,31,2,53,9,0,0,3,69,60,0,6,0,0,53,27,0,0,4,25,1,21,52,11,7,6,3,1,0,6,5.094405594405594,1,57,35,33,286
73,38,9,39,3,64,26,1,2,3,76,19,1,23,0,0,91,50,0,0,5,9,0,19,33,15,8,29,11,0,3,11,5.059701492537314,4,24,31,48,335
74,13,7,59,1,94,44,7,2,7,129,52,0,23,0,0,110,65,2,0,11,29,0,36,46,24,14,28,26,3,1,3,4.9640718562874255,1,31,40,59,501
75,23,10,71,0,96,42,2,6,4,97,90,0,28,0,0,100,58,2,1,9,34,0,34,81,20,11,14,3,4,4,4,5.186746987951807,5,82,40,67,498
76,19,6,31,0,64,27,2,0,13,49,11,0,28,0,0,57,25,1,0,2,11,0,26,6,17,11,28,18,0,4,4,5.305220883534137,6,18,36,25,249
77,30,6,58,4,95,31,0,2,11,117,68,0,45,0,0,111,55,1,0,9,15,0,28,74,29,10,18,11,0,3,4,5.462925851703407,5,47,32,79,499
78,43,2,52,0,91,44,11,2,25,85,15,2,60,0,0,83,43,1,0,0,24,0,53,4,11,2,52,19,5,6,17,4.812362030905077,9,18,31,33,453
79,11,1,19,4,22,4,1,1,2,26,17,0,12,0,0,42,14,0,0,4,10,0,9,22,11,3,11,4,2,0,7,4.392156862745098,4,14,30,19,153
80,37,10,96,0,101,53,0,2,18,133,40,0,28,0,1,84,31,0,0,8,19,0,27,42,23,23,24,18,6,5,11,5.365909090909091,6,27,32,24,440
81,18,0,20,2,28,18,5,0,6,31,4,0,21,0,1,58,16,1,0,0,11,0,24,3,11,3,33,6,1,1,11,4.538461538461538,1,2,30,19,195
82,22,3,76,0,106,46,0,4,4,150,67,1,43,0,0,84,36,0,0,3,28,0,22,76,23,21,8,3,4,2,1,5.769944341372913,2,48,55,64,539
83,34,7,53,1,85,44,4,1,10,81,41,0,42,0,0,89,63,3,0,8,23,0,34,26,18,14,31,15,2,2,11,5.358353510895884,4,22,45,48,413
84,35,6,66,1,89,38,0,1,2,138,47,0,30,0,0,86,37,0,0,6,19,0,17,66,30,17,16,9,4,4,8,5.9865771812080535,9,38,41,47,447
85,12,6,44,4,52,34,4,3,9,78,43,1,45,0,0,40,34,3,1,2,20,0,24,5,15,5,11,37,3,1,7,6.326153846153846,1,25,45,48,325
86,22,5,38,2,61,29,2,3,20,57,16,0,8,0,0,78,47,0,0,2,18,0,27,5,8,8,26,18,1,6,6,5.025974025974026,8,6,33,32,231
87,24,2,54,0,73,25,0,2,4,96,72,1,27,0,1,86,41,0,0,6,8,0,10,69,17,11,12,8,0,2,7,5.368663594470046,5,54,60,82,434
88,1,1,46,0,55,21,2,6,6,104,85,1,12,0,2,76,35,2,0,2,13,0,16,65,17,14,10,3,1,0,8,5.167958656330749,0,73,45,50,387
89,14,1,17,1,31,11,0,1,0,40,6,0,10,0,1,45,8,0,0,3,5,0,4,34,5,6,3,0,2,2,0,5.339449541284404,2,8,28,13,109
90,23,2,46,0,51,40,3,0,4,79,64,0,34,0,0,60,44,0,0,2,14,0,18,52,14,15,7,4,1,1,4,5.843187660668381,3,58,49,44,389
91,34,5,42,0,75,20,2,4,17,74,27,0,23,0,0,96,43,0,0,4,18,0,30,39,13,8,24,4,4,4,10,5.0157728706624605,10,23,33,38,317
92,13,3,18,0,44,11,0,0,1,32,6,0,4,0,0,56,17,0,0,7,6,0,5,43,11,3,4,0,1,0,9,4.656,1,6,29,10,125
93,38,8,47,4,79,33,0,3,3,114,51,0,23,0,0,118,34,0,0,10,19,0,16,48,27,13,34,28,5,1,23,5.262626262626263,1,35,36,51,396
94,26,6,61,3,56,22,0,4,8,89,39,0,18,0,0,93,45,0,0,7,24,0,27,55,24,7,19,3,1,0,4,5.271052631578947,0,33,40,56,380
95,44,4,64,4,90,31,1,3,4,83,23,0,34,0,0,66,41,0,0,6,19,0,22,47,10,9,14,11,5,0,3,5.319648093841642,0,25,40,35,341
96,30,4,41,1,58,27,3,3,4,57,42,2,18,0,0,66,35,0,1,5,0,0,11,38,16,18,14,12,3,3,7,5.458745874587459,4,34,40,32,303
97,5,9,19,1,29,10,2,2,8,45,8,1,8,0,1,48,20,0,0,2,4,0,13,21,4,2,6,2,1,1,7,4.658385093167702,2,7,27,20,161
98,13,2,17,1,20,3,1,0,1,30,2,0,1,0,0,28,12,0,0,1,5,0,4,23,3,4,3,0,0,1,0,4.54054054054054,1,9,24,3,74
99,15,4,30,1,39,10,2,0,9,47,11,0,8,0,0,35,23,0,0,5,9,0,15,18,9,6,4,12,1,1,3,5.419540229885057,0,4,32,25,174
100,30,9,58,4,89,29,0,3,10,87,26,0,18,0,0,89,42,0,0,6,22,0,28,35,12,8,27,12,5,3,6,5.078947368421052,5,12,33,38,342
101,42,1,68,1,94,46,1,0,10,140,71,0,31,0,0,92,42,3,0,9,24,0,28,76,17,23,14,4,4,4,4,5.269303201506592,6,60,40,41,531
102,40,7,57,2,74,37,4,2,10,87,105,0,41,0,0,75,71,2,2,5,22,0,33,42,19,11,35,20,6,8,11,5.613924050632911,10,101,30,69,474
103,29,4,31,1,54,43,3,6,7,64,19,0,27,0,0,77,32,0,0,5,25,0,32,30,20,12,22,8,0,3,5,5.127725856697819,5,10,34,37,321
104,27,2,48,0,58,34,0,0,4,66,26,0,21,0,0,70,28,1,0,5,22,0,22,57,17,19,8,1,0,1,1,5.040268456375839,1,17,35,36,298
105,39,2,61,3,85,41,12,2,4,120,32,0,22,0,0,128,60,6,0,7,31,0,34,69,30,10,30,5,1,4,9,5.041841004184101,5,24,30,48,478
106,46,10,64,0,109,64,4,6,15,80,26,0,23,0,0,121,60,1,2,7,25,0,44,23,28,10,35,24,6,4,11,5.251131221719457,5,14,44,33,442
107,7,3,27,0,28,11,2,3,11,49,10,0,6,0,0,23,6,0,0,1,4,0,16,3,4,1,7,10,0,1,3,4.979310344827586,0,11,31,15,145
108,11,3,45,0,65,24,3,1,4,43,34,0,12,0,0,62,29,0,0,4,10,0,9,38,20,7,17,2,0,1,7,5.24,7,25,32,31,225
109,27,6,47,1,55,31,2,1,7,80,24,0,25,0,0,62,28,3,0,1,13,0,19,35,16,6,14,15,0,3,5,5.501587301587302,4,17,40,36,315
110,24,4,53,0,55,21,2,0,1,67,24,0,25,0,0,76,25,1,0,10,16,0,12,39,19,11,20,6,1,1,4,5.046762589928058,1,26,32,28,278
111,12,8,36,0,34,24,1,1,5,54,33,0,22,0,0,44,13,0,1,2,15,0,14,18,6,10,10,7,3,2,5,5.09469696969697,4,29,40,25,264
112,14,6,47,0,56,16,0,2,7,102,89,1,11,0,1,59,23,0,0,9,19,0,18,45,17,5,20,5,1,3,1,5.127551020408164,3,87,36,39,392
113,33,6,62,4,82,27,1,3,5,108,29,0,23,0,1,157,52,1,1,9,27,0,23,110,29,13,20,7,2,0,12,4.878850102669404,5,32,43,58,487
114,17,4,44,0,60,34,6,2,8,62,9,0,26,0,2,71,27,1,0,1,12,0,17,32,15,13,18,8,2,2,11,5.374149659863946,5,8,36,27,294
115,16,5,43,0,64,33,1,2,12,66,39,0,18,0,0,50,24,1,1,2,21,0,24,26,10,17,14,11,4,7,1,5.1210191082802545,8,28,40,33,314
116,18,4,87,0,101,35,4,1,4,99,31,0,33,0,1,76,44,1,0,16,22,0,23,85,34,14,8,7,2,2,5,5.654929577464789,3,18,45,63,426
117,26,7,34,0,47,18,2,6,12,54,55,0,21,0,0,76,29,0,0,2,15,0,23,28,11,4,25,10,1,3,7,4.588957055214724,3,47,36,36,326
118,37,0,63,2,102,27,1,0,9,124,21,0,23,0,1,128,44,1,0,12,34,0,32,101,26,14,15,1,2,3,5,4.626637554585153,5,19,38,54,458
119,28,5,55,2,92,30,1,1,3,111,35,0,24,0,2,124,60,1,0,8,24,0,27,60,10,12,30,10,1,4,5,4.842956120092379,9,29,37,59,433
120,27,9,59,4,68,22,3,1,12,85,32,0,33,0,1,117,54,2,0,13,29,0,36,76,35,17,12,14,1,2,8,4.643605870020965,4,25,36,71,477
121,6,3,17,0,36,14,2,1,6,41,13,0,8,0,0,42,15,0,0,3,8,0,11,19,11,4,11,9,0,5,4,5.271084337349397,4,9,31,19,166
122,3,0,9,0,4,3,0,0,0,10,7,0,3,0,0,4,5,1,0,0,1,0,4,0,0,1,2,6,0,0,2,6.0,0,8,20,5,36
123,21,3,60,1,56,22,2,0,10,96,66,1,15,0,1,58,30,0,0,6,19,0,24,54,24,14,9,8,3,2,4,5.468144044321329,5,50,38,46,361
124,26,1,35,1,47,31,1,1,6,94,20,0,20,0,1,45,40,2,0,3,16,0,27,4,10,2,32,22,7,6,6,5.530685920577618,6,68,32,11,277
125,44,8,73,0,78,53,2,5,14,108,30,0,29,0,0,72,21,1,1,2,28,0,36,39,19,12,12,12,4,4,5,5.185792349726776,8,17,37,33,366
126,28,8,58,4,71,36,6,4,4,98,24,0,15,0,1,89,22,0,0,6,12,0,13,54,12,11,16,9,2,4,6,5.273584905660377,6,32,40,37,318
127,26,5,45,0,84,41,3,4,9,60,13,0,17,0,0,123,43,0,0,5,19,0,38,56,24,9,26,14,3,5,9,5.019718309859155,7,15,35,25,355
128,33,8,61,1,81,33,3,4,4,109,27,0,27,0,0,73,25,0,0,5,15,0,16,38,24,13,15,7,1,3,4,5.697406340057637,4,22,40,25,347
129,7,8,62,4,102,20,0,0,5,102,134,0,22,0,0,75,41,2,0,15,24,0,23,61,27,9,23,13,2,9,5,5.320564516129032,11,119,28,40,496
130,31,7,77,4,90,46,5,2,9,107,57,0,36,0,0,76,41,0,1,9,24,0,30,49,25,8,13,9,3,2,4,5.201814058956916,2,45,38,55,441
131,16,3,42,1,58,23,0,3,8,67,24,0,14,0,1,63,21,0,0,9,20,0,24,32,22,5,4,8,0,2,6,5.25,3,11,36,32,260
132,36,7,100,2,89,40,1,1,7,97,27,0,35,0,2,51,32,3,1,8,16,0,18,46,21,16,7,11,3,2,3,5.622950819672131,3,20,43,37,366
133,15,2,35,1,46,9,0,3,8,48,4,0,14,0,2,52,19,0,0,4,7,0,19,19,8,7,10,3,1,3,1,5.07051282051282,3,4,34,15,156
134,32,1,37,6,45,14,1,2,0,52,29,0,15,0,0,74,31,0,0,11,18,0,18,74,11,9,3,0,2,2,4,5.028,5,23,32,20,250
135,24,3,81,0,95,38,3,5,8,119,38,0,40,0,0,55,21,0,0,1,23,0,25,50,11,17,13,15,9,8,2,5.906005221932115,8,20,50,45,383
136,8,8,43,0,64,28,1,4,5,71,54,0,19,0,1,66,30,0,0,4,14,0,16,36,16,6,16,11,2,1,6,5.387301587301588,3,42,40,29,315
137,31,6,36,0,61,25,3,4,11,57,38,0,22,0,0,58,34,0,1,3,13,0,25,27,11,7,21,10,3,2,8,5.11400651465798,3,37,40,23,307
138,15,3,33,0,48,18,1,0,7,66,20,0,13,0,0,57,22,2,0,4,11,0,18,21,12,4,18,8,2,4,6,5.155555555555556,7,14,37,29,225
139,14,4,57,1,83,28,2,2,10,93,27,0,32,0,1,100,49,0,2,14,25,0,35,56,31,13,22,9,0,8,18,5.171215880893301,16,52,36,44,403
140,18,11,41,2,66,21,9,4,10,60,28,0,31,0,0,63,32,0,0,6,11,0,21,31,12,10,16,11,4,0,6,5.496503496503497,1,21,40,34,286
141,5,1,9,0,19,11,3,0,1,18,19,0,7,0,0,28,17,0,0,0,6,0,3,21,5,1,6,4,0,0,1,5.254098360655738,1,16,30,19,122
142,12,2,28,0,25,11,2,3,4,41,10,2,9,0,0,21,5,0,0,1,5,0,13,0,7,3,10,24,1,2,4,5.365671641791045,1,1,32,24,134
143,29,4,60,3,102,52,8,1,10,126,64,0,36,0,0,84,52,3,0,3,33,0,37,65,23,21,16,4,2,5,5,5.554435483870968,6,68,44,50,496
144,24,0,45,0,70,31,2,6,16,75,75,1,25,0,0,120,50,3,0,7,22,0,28,63,21,17,34,10,1,8,4,5.097560975609756,9,61,37,51,451
145,24,7,42,3,66,28,7,4,20,64,40,0,33,0,0,60,48,1,1,4,18,0,38,22,24,10,26,8,4,1,9,5.394285714285714,3,36,42,30,350
146,27,6,79,2,102,21,3,0,5,104,76,0,38,0,1,67,30,1,0,9,10,0,19,16,15,10,33,21,2,3,3,5.33729216152019,5,64,40,59,421
147,34,7,47,0,75,33,11,0,7,94,9,0,32,0,0,99,44,0,0,2,23,0,27,34,13,11,41,11,7,3,10,5.4502762430939224,4,16,40,35,362
148,31,5,43,1,73,18,1,0,17,102,73,0,28,0,1,66,35,0,0,7,14,0,26,50,18,15,10,6,2,2,6,5.275956284153006,3,72,30,29,366
149,39,4,55,1,69,42,1,4,13,82,37,0,26,0,1,145,61,5,0,5,28,0,23,96,17,11,18,4,2,9,9,4.876190476190477,10,39,34,49,420
150,11,3,38,1,57,26,0,3,5,51,10,1,16,0,1,54,15,4,0,4,12,0,16,10,7,12,30,8,1,5,6,5.18974358974359,6,3,44,30,195
151,3,5,62,1,62,16,1,0,10,112,120,0,22,0,2,92,31,1,0,4,26,0,33,89,18,10,9,2,1,6,3,5.360082304526749,5,127,36,50,486
152,4,2,46,0,53,13,0,0,3,52,21,0,10,0,1,55,27,1,0,6,12,0,9,46,8,10,5,0,0,1,3,4.9326923076923075,1,21,35,28,208
153,43,13,77,0,90,50,2,5,8,113,21,0,28,0,0,130,31,0,0,5,25,0,38,84,13,18,37,7,1,7,2,4.830952380952381,7,20,34,45,420
154,12,1,35,0,35,16,1,2,3,55,16,0,2,0,0,53,22,0,0,7,13,0,9,45,10,7,6,3,2,6,2,5.811827956989247,7,40,32,23,186
155,18,1,35,1,51,21,2,3,5,67,75,1,18,0,0,40,16,2,0,6,10,0,18,40,15,8,5,6,0,0,1,5.347682119205298,0,59,40,43,302
156,25,4,44,1,66,36,2,3,6,66,14,0,22,0,0,67,36,1,1,3,17,0,21,34,7,10,20,9,5,2,6,5.142348754448399,6,8,34,22,281
157,19,7,56,0,67,41,1,3,8,77,74,0,25,0,0,90,54,0,0,5,28,0,26,49,14,8,33,8,1,2,6,5.589073634204276,2,73,40,47,421
158,17,1,72,1,105,32,3,1,3,143,125,0,20,0,0,72,44,0,0,9,22,0,28,69,28,14,23,8,4,0,5,5.632352941176471,2,122,40,59,544
159,40,1,63,1,101,40,6,5,13,82,27,0,40,0,0,110,48,3,0,5,30,0,46,40,25,15,36,15,0,1,7,5.199535962877031,1,23,37,33,431
160,9,1,42,3,55,30,2,0,11,68,35,1,28,0,0,60,35,0,0,2,16,0,23,30,8,6,9,10,2,2,2,5.242753623188406,3,26,38,42,276
161,23,1,43,1,49,10,0,3,4,72,10,0,28,0,0,35,17,0,0,0,12,0,18,3,3,2,31,10,6,0,6,5.088235294117647,0,27,29,19,204
162,4,2,15,0,26,7,3,1,6,29,16,0,8,0,0,34,19,0,0,0,9,0,14,6,4,3,9,12,0,6,2,5.096551724137931,6,11,34,20,145
163,36,11,42,0,54,24,1,3,2,107,17,0,19,0,0,89,27,0,0,2,12,0,11,27,12,10,20,13,4,0,4,5.006849315068493,1,16,32,19,292
164,29,8,75,4,104,37,0,4,7,124,49,0,41,0,1,105,43,2,2,6,30,0,30,77,20,17,12,7,8,1,4,5.762605042016807,3,46,43,48,476
165,13,1,21,1,29,15,3,2,5,29,7,0,14,0,0,42,20,0,0,1,13,0,12,17,10,2,17,4,1,3,3,4.8580246913580245,5,4,37,16,162
166,27,1,55,0,72,49,3,2,19,68,25,0,54,0,0,41,31,2,0,2,21,0,38,9,7,5,21,20,6,0,7,5.529230769230769,0,14,34,28,325
167,10,1,15,0,27,12,3,1,4,37,9,0,10,0,0,31,14,1,0,3,6,0,13,4,10,3,9,9,1,0,1,5.605633802816901,0,2,29,13,142
168,21,3,34,1,52,18,0,0,2,57,16,0,11,0,4,55,25,0,0,11,19,0,18,44,17,6,2,4,0,1,5,5.009090909090909,1,10,30,25,220
169,18,7,70,0,94,46,2,3,10,117,23,0,34,0,1,91,31,1,1,9,27,0,32,45,26,13,18,9,2,1,0,5.330254041570439,1,15,47,51,433
170,32,8,86,2,97,42,5,12,10,110,37,0,30,0,0,93,38,1,1,5,30,0,37,58,19,24,23,18,5,12,9,4.930693069306931,12,22,36,33,505
171,13,1,25,3,38,21,3,0,2,49,18,0,13,0,0,47,26,0,0,0,15,0,8,32,6,8,3,8,2,0,6,5.595854922279793,1,9,40,28,193
172,8,1,14,1,21,6,2,1,0,28,16,0,2,0,0,28,10,1,0,5,8,0,3,25,8,7,1,1,0,1,2,5.568627450980392,1,21,29,12,102
173,2,7,65,0,89,47,1,5,17,126,115,0,28,0,0,96,59,0,1,5,20,0,31,65,17,10,12,12,5,2,12,5.080139372822299,4,96,40,50,574
174,28,6,70,0,89,47,5,2,16,114,60,0,26,0,0,118,59,1,1,8,0,0,29,71,13,7,28,6,4,9,4,4.9655172413793105,11,56,41,70,493
175,24,8,53,0,80,30,3,3,12,89,32,0,31,0,0,75,35,1,2,4,15,0,24,14,14,14,21,22,8,2,4,5.760233918128655,8,17,40,34,342
176,21,7,47,3,72,21,2,1,6,84,10,0,19,0,0,61,28,0,0,0,9,0,16,27,5,9,28,11,2,2,5,5.847389558232932,6,6,32,19,249
177,40,6,38,3,75,32,5,6,14,87,36,0,31,0,0,112,46,0,0,4,18,0,29,63,17,9,19,9,1,2,4,5.06426735218509,3,32,40,39,389
178,40,2,45,0,57,35,1,1,9,79,71,0,21,0,0,69,27,1,0,2,25,0,33,72,10,12,13,4,3,2,8,5.188775510204081,3,70,44,36,392
179,19,8,74,0,81,38,3,2,10,96,20,1,25,0,0,125,28,3,0,8,26,0,30,42,16,14,32,12,1,3,3,4.36319612590799,4,1,34,56,413
180,20,3,29,3,33,15,1,1,4,43,9,0,17,0,0,45,18,0,0,5,16,0,18,13,12,2,14,11,0,5,3,5.214285714285714,7,4,31,19,168
181,30,2,32,1,37,16,2,0,0,68,24,0,18,0,0,69,30,1,0,4,12,0,12,50,20,5,4,1,0,1,1,5.2125,1,16,40,22,240
182,22,6,40,1,48,24,0,1,7,73,19,0,17,0,0,80,21,1,0,3,15,0,20,48,13,14,13,4,2,2,5,4.874125874125874,2,12,40,42,286
183,1,9,65,0,84,35,3,4,4,101,168,0,28,0,0,98,42,1,0,3,13,0,16,101,25,7,21,9,6,1,4,5.535593220338983,4,152,40,91,590
184,26,2,68,3,77,23,1,1,7,94,77,0,21,0,0,96,26,2,0,6,31,0,21,75,13,10,17,9,2,3,7,4.824175824175824,5,61,31,71,455
185,41,5,37,0,46,19,0,0,1,47,14,0,14,0,2,88,42,0,0,9,20,0,19,39,13,7,18,7,0,0,3,4.618090452261306,2,42,29,2,199
186,17,10,71,2,75,38,2,3,14,102,20,0,50,0,1,85,53,0,0,3,27,0,35,48,17,6,20,9,1,4,4,5.6992481203007515,4,9,43,61,399
187,30,3,62,2,78,27,4,1,13,119,115,0,20,0,1,74,41,0,0,5,23,0,30,59,18,9,19,6,2,4,4,5.345029239766082,4,100,40,51,513
188,25,9,48,0,103,31,2,0,6,104,54,0,24,0,0,157,49,0,0,5,26,1,28,101,20,12,23,7,2,1,8,4.705882352941177,2,56,40,72,476
189,48,2,49,4,78,45,13,7,23,106,27,0,33,0,0,83,38,2,0,1,23,0,55,9,14,2,35,33,2,0,5,4.788501026694045,0,10,36,46,487
190,18,2,52,1,47,13,0,6,3,66,73,0,9,0,0,66,31,1,0,8,21,0,16,66,12,10,3,4,1,1,10,5.40566037735849,3,61,31,37,318
191,5,0,17,0,25,15,0,1,14,49,1,0,7,0,0,42,11,1,0,2,12,0,25,2,7,3,15,12,0,0,0,4.690789473684211,0,66,15,28,152
192,37,11,69,1,114,51,4,5,18,111,17,0,40,0,0,115,53,3,0,11,17,0,35,41,21,12,26,17,2,4,11,4.846938775510204,5,5,40,35,490
193,21,6,26,1,49,30,9,6,10,54,18,0,16,0,0,53,32,2,1,9,13,0,26,4,17,8,18,14,1,0,0,5.071428571428571,1,16,36,32,266
194,23,7,82,0,114,30,0,1,5,118,32,0,43,0,2,95,42,2,0,3,32,0,29,69,25,26,11,6,5,5,6,5.476614699331849,7,25,45,42,449
195,22,2,51,0,59,19,1,1,10,74,57,0,15,0,0,49,16,1,0,6,11,0,20,44,20,4,14,4,3,2,5,5.594594594594595,3,50,35,33,296
196,34,8,72,2,107,36,3,2,7,114,68,0,40,0,0,81,31,0,1,4,12,0,17,49,22,16,31,12,6,2,10,5.54,4,49,45,52,450
197,46,4,84,2,88,51,4,1,11,121,18,0,38,0,1,109,49,1,0,5,29,0,27,95,20,16,14,2,7,1,4,5.5042918454935625,4,41,40,36,466
198,30,9,53,0,83,31,13,3,17,88,18,0,24,0,0,91,43,2,0,6,21,0,35,42,26,14,14,14,3,2,8,5.113801452784504,3,8,40,36,413
199,34,4,64,1,88,28,1,2,7,83,48,0,28,0,0,135,67,0,0,15,29,0,32,102,17,20,24,2,2,3,10,5.098924731182795,6,43,36,49,465
200,5,1,16,0,6,6,0,0,1,17,9,0,15,0,0,28,13,0,0,2,9,0,6,22,6,2,5,1,4,0,2,3.776923076923077,2,6,28,8,130
201,26,3,52,1,104,38,2,2,9,82,14,0,14,0,1,104,45,0,2,5,20,0,28,61,25,16,14,7,4,6,12,4.698895027624309,7,26,40,27,362
202,18,6,41,1,51,28,2,2,8,81,13,0,27,0,1,66,21,2,0,3,12,0,17,25,7,14,15,5,4,1,8,4.540983606557377,2,10,20,4,244
203,40,1,55,2,78,33,8,2,17,97,12,1,28,0,6,143,42,5,0,6,6,0,24,60,30,17,24,12,4,3,12,4.940874035989717,5,9,36,49,389
204,38,7,66,0,81,38,1,0,4,110,51,0,31,0,0,67,33,0,1,7,20,0,16,66,13,17,5,3,1,1,2,5.665822784810127,3,40,46,38,395
205,0,2,22,0,32,15,0,4,7,44,35,0,7,0,0,57,23,0,0,1,7,0,14,24,4,3,10,10,3,1,3,4.955445544554456,1,25,32,27,202
206,37,2,42,1,59,39,8,3,5,65,13,0,25,0,0,79,31,4,1,6,18,0,25,52,10,9,15,11,3,3,8,5.407051282051282,5,5,41,30,312
207,38,8,85,1,80,39,0,2,16,124,58,0,51,0,0,95,26,1,1,11,33,0,47,35,11,13,16,33,0,0,12,5.8673913043478265,2,40,44,47,460
208,25,5,45,3,74,25,3,2,4,72,12,0,24,0,0,81,38,0,0,9,13,0,11,60,11,11,6,7,5,5,6,5.131205673758865,7,9,36,29,282
209,19,3,74,3,97,37,3,2,12,120,89,0,20,0,0,86,36,0,0,9,32,0,40,80,18,20,21,10,5,4,2,5.405940594059406,4,80,42,69,505
210,19,4,60,3,81,48,2,3,17,107,60,0,38,0,0,101,42,1,0,3,26,0,49,26,19,8,37,27,4,13,4,5.1587628865979385,12,37,42,57,485
211,29,2,47,0,40,17,2,1,10,91,11,0,12,0,1,80,30,3,0,3,7,0,16,45,17,8,19,5,0,1,4,5.014440433212997,0,28,31,15,277
212,12,3,29,1,33,24,0,3,3,61,18,0,13,0,0,30,14,0,0,2,4,0,10,4,11,3,8,17,1,0,4,5.71505376344086,1,23,40,19,186
213,27,2,20,0,49,16,1,1,6,51,33,0,9,0,1,78,28,0,0,6,11,0,15,57,20,6,11,4,2,1,2,4.190972222222222,1,34,32,23,288
214,27,5,62,1,93,49,1,2,1,105,15,0,31,0,0,57,34,1,0,2,8,0,8,29,11,14,13,12,2,3,4,6.124203821656051,4,5,43,26,314
215,38,5,55,3,86,32,3,11,20,101,30,0,18,0,1,111,44,2,0,7,24,0,42,15,11,1,38,18,5,2,1,5.066157760814249,2,18,31,27,393
216,18,3,31,2,46,10,0,1,2,37,74,0,3,0,1,34,23,0,0,5,8,0,8,71,17,9,7,1,0,0,6,5.729629629629629,1,71,36,26,270
217,17,6,60,3,71,44,2,1,28,80,4,0,24,0,0,60,39,1,1,3,14,0,46,7,17,7,30,4,1,3,6,5.761467889908257,3,3,35,34,327
218,33,2,78,2,100,58,2,1,11,132,50,2,34,0,0,110,37,0,0,5,21,0,26,65,18,15,14,5,6,3,7,5.2384937238493725,2,41,36,52,478
219,26,3,40,2,70,39,7,2,12,72,9,0,31,0,0,84,32,0,0,9,23,0,32,41,16,14,29,8,3,2,8,4.935933147632312,5,10,40,41,359
220,13,11,73,2,98,60,2,5,17,115,58,1,44,0,0,95,51,2,1,6,18,0,28,32,13,19,36,22,3,3,11,5.4573170731707314,3,49,45,44,492
221,26,2,45,2,80,27,7,2,6,99,16,2,36,0,0,53,31,3,0,4,19,0,27,24,11,6,14,14,2,1,1,4.987113402061856,1,9,40,37,388
222,11,3,12,1,13,4,4,0,9,18,4,0,8,0,0,25,8,2,0,4,4,0,17,18,7,2,0,1,1,1,1,4.742574257425742,2,4,38,15,101
223,28,3,52,0,60,20,3,3,10,102,24,0,15,0,0,89,29,0,0,2,20,0,29,30,11,11,20,22,1,1,12,5.442196531791907,4,11,36,40,346
224,19,7,66,1,82,26,1,2,3,87,38,0,34,0,0,74,28,0,1,9,23,0,23,10,24,10,27,28,8,3,15,5.214689265536723,8,24,37,34,354
225,18,4,26,1,29,15,0,2,4,44,24,0,11,0,1,24,6,0,0,5,8,0,11,27,3,4,1,2,2,1,1,3.6519823788546257,3,21,30,19,227
226,44,6,69,4,91,45,11,2,14,120,16,0,31,0,0,115,64,2,1,7,21,0,41,28,32,6,37,29,5,6,1,5.280922431865828,5,3,41,61,477
227,24,1,44,0,47,28,0,1,6,59,19,1,21,0,1,79,17,0,0,1,15,0,21,53,10,8,13,2,2,5,5,4.408360128617363,6,18,40,36,311
228,26,7,47,0,64,33,0,0,8,85,42,0,25,0,1,74,20,1,0,5,30,0,26,46,24,11,12,5,5,3,3,5.618181818181818,3,41,36,31,330
229,13,5,21,0,33,16,2,1,8,31,12,0,20,0,0,34,18,2,1,2,13,0,18,18,7,6,7,5,3,1,6,5.89375,3,17,29,12,160
230,20,5,45,0,50,24,3,3,9,56,16,2,30,0,0,33,28,2,1,0,7,0,17,17,10,6,18,10,1,2,5,5.190661478599222,2,13,32,34,257
231,21,8,60,1,78,34,6,7,19,90,29,0,35,0,2,115,42,1,0,11,21,0,30,50,11,11,28,10,4,8,13,5.379746835443038,10,26,36,37,395
232,32,3,66,1,72,17,3,5,4,104,36,1,22,0,0,103,46,2,0,7,31,0,24,76,33,8,15,6,3,3,5,5.288409703504043,4,31,40,40,371
233,28,3,67,0,86,28,1,1,3,95,12,0,23,0,0,93,38,1,0,14,22,0,27,52,20,12,11,1,2,0,10,4.907514450867052,1,9,40,34,346
234,36,10,52,2,116,52,4,2,14,120,37,0,25,0,0,77,43,2,0,5,31,0,39,36,28,15,26,25,4,2,18,5.747126436781609,5,28,33,38,435
235,37,4,63,5,96,16,7,1,7,91,16,0,15,0,0,98,38,0,0,9,14,0,22,73,8,8,15,6,3,3,3,4.689024390243903,5,30,40,37,328
236,22,1,30,1,51,22,6,0,9,76,65,0,15,0,0,62,40,1,0,6,27,0,35,11,17,2,27,15,1,1,7,5.4332247557003255,1,88,30,24,307
237,12,0,8,0,33,8,1,1,7,22,0,0,8,0,0,42,17,0,0,2,9,0,16,4,2,3,15,10,2,4,2,4.7407407407407405,6,6,24,9,108
238,15,1,21,1,43,13,2,0,1,42,23,0,14,0,0,51,21,1,0,3,6,0,7,42,11,5,8,2,1,1,2,5.119170984455959,2,36,33,24,193
239,29,10,57,3,73,46,3,1,10,75,30,0,38,0,1,52,40,1,0,9,21,0,34,43,15,15,16,9,1,4,2,5.573407202216067,3,22,40,38,361
240,20,5,29,0,50,15,0,1,3,46,32,0,24,0,0,39,14,0,1,4,12,0,18,25,18,6,6,3,0,1,1,5.447004608294931,2,30,31,19,217
241,13,0,11,0,17,1,0,0,0,19,14,0,5,0,0,20,7,1,0,0,3,0,0,17,0,5,3,0,0,1,0,5.2465753424657535,1,10,27,11,73
242,4,1,5,0,17,8,0,0,3,18,3,0,5,0,0,23,7,0,0,1,2,0,5,12,4,2,2,1,3,1,1,4.54054054054054,2,4,33,8,74
243,22,7,40,0,90,41,6,3,11,71,10,0,34,0,1,80,41,2,0,2,20,0,27,50,6,10,14,3,1,4,2,5.353474320241692,6,9,40,31,331
244,38,5,84,2,87,24,5,0,2,103,83,0,23,0,0,94,45,1,0,3,17,0,16,70,19,12,17,6,4,3,3,5.497584541062802,4,65,37,52,414
245,24,3,44,3,52,16,1,3,3,62,28,1,16,0,0,62,27,1,2,5,20,0,19,46,20,7,12,11,2,0,7,5.543396226415094,2,26,34,30,265
246,10,1,26,1,22,9,0,0,5,35,4,0,13,0,0,37,11,0,0,2,4,0,6,34,5,5,2,3,2,3,4,4.267716535433071,3,0,33,17,127
247,36,7,54,1,76,42,1,4,9,72,15,0,22,0,2,98,46,1,1,5,27,0,29,45,14,19,37,2,3,1,5,4.613756613756614,2,16,40,37,378
248,28,5,43,1,61,21,11,5,9,76,20,1,26,0,0,88,41,1,0,2,24,0,23,65,26,2,14,10,8,2,8,4.9491525423728815,2,31,32,34,354
249,37,1,91,2,88,26,4,2,7,106,78,0,34,0,0,53,39,1,0,17,42,0,42,72,17,11,8,2,4,0,2,5.771241830065359,3,79,32,52,459
250,10,2,29,1,25,6,0,2,1,38,13,0,9,0,0,30,10,0,0,1,6,0,3,23,2,5,9,0,0,1,1,4.296296296296297,1,13,30,9,135
251,20,2,32,1,56,22,0,1,10,54,35,0,13,0,1,82,25,0,0,2,14,0,20,56,6,13,13,2,1,2,11,5.075187969924812,3,32,44,33,266
252,46,3,63,2,91,21,0,5,6,126,42,0,25,0,0,133,48,1,0,7,21,0,29,84,18,12,31,14,1,3,4,4.880710659898477,3,69,25,29,394
253,37,11,82,3,83,56,7,6,6,116,60,0,50,0,0,59,56,0,0,6,23,0,25,62,25,18,18,7,4,3,5,5.669322709163347,1,50,40,54,502
254,36,3,45,0,79,27,2,0,3,70,66,0,16,0,0,104,31,0,0,14,18,0,17,55,23,9,26,15,5,3,6,4.729577464788733,2,59,27,30,355
255,33,0,42,1,44,17,1,1,1,58,39,0,15,0,1,74,13,0,0,3,25,0,21,55,14,8,4,7,2,3,4,4.995967741935484,5,37,36,9,248
256,21,3,46,1,66,32,2,0,8,88,25,0,18,0,0,77,35,0,0,8,21,0,25,51,24,6,10,2,4,1,0,5.137380191693291,1,14,45,37,313
257,26,6,46,1,85,32,1,11,7,84,38,1,27,0,0,78,26,0,1,4,13,0,22,23,10,12,20,17,2,3,7,5.31700288184438,6,30,41,34,347
258,26,3,89,0,122,49,4,1,2,166,78,1,85,0,0,58,39,0,0,3,0,0,3,13,23,18,23,28,4,3,4,6.12639405204461,5,66,50,61,538
259,3,5,49,1,46,21,3,0,3,87,58,0,18,0,1,61,21,0,0,4,13,0,13,32,20,2,10,9,0,1,7,5.2822299651567945,7,53,42,25,287
260,27,6,39,2,82,49,2,4,8,84,7,0,33,0,0,89,48,2,1,5,23,0,27,12,10,5,46,19,7,9,12,4.975069252077562,10,36,36,17,361
261,54,2,72,2,93,49,7,4,12,109,16,0,40,0,0,121,63,1,0,6,13,0,34,8,18,12,54,31,4,4,14,5.520879120879121,6,10,36,46,455
262,36,15,80,1,105,43,2,3,10,97,52,0,43,0,0,78,43,1,0,5,30,0,34,56,21,16,22,5,5,7,4,5.163090128755365,9,49,40,33,466
263,41,5,75,0,71,33,3,11,10,93,40,1,31,0,1,95,34,2,0,4,21,0,18,59,19,11,22,6,3,2,9,5.340852130325815,5,31,36,47,399
264,11,2,26,1,47,21,2,2,4,54,29,0,21,0,0,52,26,1,0,2,11,0,15,18,7,4,15,6,0,0,7,5.373271889400922,0,16,37,31,217
265,46,1,75,0,88,48,1,2,6,133,43,0,25,0,0,107,51,1,1,4,28,0,27,82,12,22,6,6,2,3,6,4.634042553191489,5,37,40,38,470
266,30,7,75,2,90,37,4,4,7,117,26,1,36,0,0,108,48,2,1,10,28,0,29,53,30,12,30,18,0,4,14,5.071120689655173,6,15,42,58,464
267,45,0,58,1,110,45,2,6,5,104,50,0,15,0,0,106,69,0,0,14,28,0,32,82,16,12,19,10,2,8,7,5.288888888888889,10,58,32,26,405
268,18,8,45,4,63,24,0,6,13,71,14,0,17,0,1,75,46,0,0,4,16,0,23,44,22,9,18,8,4,2,11,4.903125,2,10,30,31,320
269,26,4,77,2,100,23,0,1,7,106,69,0,23,0,1,94,61,0,0,6,30,0,31,73,28,12,23,5,5,4,5,5.4295612009237875,7,67,43,40,433
270,10,0,19,3,36,18,1,1,8,32,8,1,19,0,0,57,22,7,0,2,13,0,20,9,7,4,24,12,3,1,12,5.099476439790576,1,3,35,18,191
271,31,7,95,2,95,33,1,6,7,107,34,0,52,0,1,48,35,0,1,5,14,0,21,8,23,8,24,15,1,0,7,5.559493670886076,2,31,48,35,395
272,33,5,47,1,82,37,1,1,9,133,153,1,16,0,0,75,53,0,0,10,19,0,28,67,18,4,19,22,2,3,5,5.227495908346972,4,139,40,78,611
273,29,13,67,1,94,29,1,4,7,105,121,0,28,0,0,86,43,1,0,10,28,0,27,80,30,15,15,7,2,1,4,5.622889305816135,1,110,40,82,533
274,39,10,58,3,88,32,3,3,8,95,25,0,27,0,1,62,43,1,2,4,20,0,23,30,13,10,17,12,5,1,5,5.775757575757575,2,18,45,29,330
275,30,7,77,1,104,38,1,2,10,146,71,1,41,0,0,78,44,0,1,9,25,0,27,64,20,12,18,15,4,1,3,5.7330827067669174,3,62,45,76,532
276,27,0,30,0,38,9,0,0,3,55,12,0,14,0,0,70,13,0,0,8,17,0,15,55,17,5,9,1,1,0,5,4.865,3,10,30,29,200
277,22,5,33,2,48,37,2,1,6,66,27,1,27,0,0,96,22,3,0,5,23,0,27,55,17,6,15,6,1,4,10,4.957575757575758,4,22,37,41,330
278,41,8,71,2,94,28,0,1,8,102,59,0,49,0,0,71,28,0,0,6,20,0,30,39,23,18,42,11,11,8,2,5.2559241706161135,12,65,38,29,422
279,24,3,59,1,63,28,9,2,6,90,15,0,36,0,0,59,23,3,0,1,26,0,30,16,4,18,21,27,6,3,8,5.622291021671827,3,0,47,36,323
280,31,7,62,0,95,52,1,3,13,102,36,0,34,0,0,126,49,1,0,9,27,0,34,76,18,33,18,5,1,6,6,5.355648535564853,5,27,41,54,478
281,14,1,53,0,41,20,2,0,10,86,73,0,18,0,0,65,42,1,1,5,0,0,12,35,8,17,18,9,2,1,9,5.493548387096774,2,86,36,29,310
282,35,11,67,2,98,43,3,11,14,100,50,0,34,0,0,105,46,2,0,7,30,0,46,38,21,13,35,17,4,2,9,4.995584988962473,3,46,42,34,453
283,22,9,54,3,67,42,3,4,12,79,93,0,30,0,0,75,46,1,0,4,15,0,23,54,16,9,14,16,2,0,1,5.904867256637168,1,87,40,60,452
284,70,4,73,1,68,31,1,3,8,95,64,0,45,0,0,95,39,0,0,15,31,0,33,88,24,13,15,5,1,5,5,4.813025210084033,4,53,30,42,476
285,25,2,52,2,80,30,2,1,12,93,54,0,33,0,0,100,27,0,0,2,25,0,33,34,11,12,27,9,1,8,13,4.361702127659575,11,48,35,20,470
286,50,5,71,1,81,25,1,3,3,117,66,1,25,0,0,125,42,0,0,11,20,0,22,94,14,8,24,7,5,1,11,5.088477366255144,4,57,40,39,486
287,28,6,51,0,83,40,3,1,12,103,21,0,24,0,0,83,47,0,2,9,24,0,37,46,26,8,19,3,1,0,11,5.3541147132169575,2,18,37,56,401
288,17,3,55,0,77,27,2,1,4,74,29,0,28,0,0,72,26,0,0,3,18,0,20,29,27,10,16,6,0,4,5,5.552287581699346,4,22,35,27,306
289,25,5,40,0,80,46,4,2,7,91,22,0,30,0,0,116,47,1,1,4,24,0,25,31,23,6,40,22,10,6,12,5.286384976525822,7,14,40,52,426
290,30,0,47,1,65,22,3,0,3,95,19,0,14,0,0,84,32,0,0,7,22,0,27,63,22,7,9,4,1,4,9,4.851612903225806,6,17,40,36,310
291,17,1,33,0,31,29,3,1,11,54,6,0,14,0,0,35,23,1,2,2,16,0,18,4,10,2,12,15,0,2,2,6.227979274611399,2,0,35,21,193
292,13,1,26,1,28,25,3,0,5,49,14,1,19,0,0,29,12,1,0,0,12,0,16,19,1,9,10,3,1,2,4,5.451977401129944,5,9,34,20,177
293,37,13,52,2,113,38,0,3,5,115,37,0,32,0,0,116,66,1,2,3,32,0,27,75,31,18,12,4,0,2,2,5.035955056179775,3,21,36,49,445
294,31,6,57,4,87,45,0,3,5,72,18,0,45,0,0,50,32,0,1,1,23,0,30,28,16,13,18,6,5,5,5,5.782051282051282,10,9,41,21,312
295,1,8,47,1,71,30,2,3,5,78,83,0,29,0,0,77,47,1,0,8,18,0,20,64,10,13,18,3,1,4,8,5.186732186732187,4,70,37,42,407
296,20,0,35,1,38,23,1,2,4,52,30,0,8,0,0,37,19,2,0,5,6,0,10,28,11,2,3,3,1,1,3,5.324074074074074,2,22,30,19,216
297,24,3,38,0,52,19,4,2,11,68,26,0,21,0,0,53,24,0,0,1,11,0,22,21,14,8,13,8,0,0,1,5.137931034482759,0,23,34,21,261
298,25,5,31,1,57,27,1,1,6,83,20,0,16,0,0,76,35,0,0,2,15,0,20,48,8,9,19,3,2,2,3,5.233898305084746,5,16,36,36,295
299,16,2,38,0,44,29,1,1,5,60,33,0,21,0,0,31,17,1,0,1,5,0,10,15,12,5,16,10,3,1,3,5.696581196581197,1,23,37,32,234
300,4,2,26,2,26,15,3,2,8,56,14,0,16,0,1,9,8,1,0,0,8,0,12,0,5,0,4,24,0,1,5,5.806060606060606,2,3,34,25,165
301,28,12,62,1,78,43,5,5,10,87,29,0,30,0,2,83,56,1,1,4,27,0,24,40,14,14,23,14,3,4,3,5.235732009925559,6,24,43,35,403
302,11,2,76,4,94,51,3,4,13,82,76,0,45,0,0,100,85,1,0,8,22,0,30,23,14,7,39,40,3,4,7,5.163385826771654,5,58,42,75,508
303,36,3,86,1,93,42,4,1,5,154,35,2,36,0,0,70,38,1,0,6,30,0,24,59,28,10,7,11,3,1,1,5.650655021834061,1,21,40,59,458
304,27,4,73,0,85,36,10,0,32,124,47,0,22,0,0,101,41,1,1,10,39,0,66,47,17,13,21,7,6,6,10,5.0656108597285066,10,32,35,45,442
305,25,6,42,0,60,34,2,1,7,74,11,0,16,0,0,69,26,1,1,5,12,0,17,27,10,9,18,10,1,2,7,4.940074906367041,4,8,37,31,267
306,23,7,63,0,91,35,4,4,8,93,16,1,25,0,0,114,41,1,0,6,20,0,21,70,14,17,24,12,2,4,13,4.983293556085919,4,19,46,46,419
307,25,2,68,0,110,36,0,3,7,126,32,0,25,0,1,125,50,2,0,12,35,0,33,91,20,16,10,1,4,6,7,5.456740442655936,10,25,43,52,497
308,27,10,98,0,86,27,5,1,7,110,63,0,31,0,0,100,39,3,0,13,29,0,28,75,29,22,27,5,4,0,2,5.303347280334728,2,53,40,53,478
309,17,2,47,8,62,25,0,0,2,64,8,0,20,0,1,60,24,0,0,11,15,0,21,46,10,3,11,4,1,0,0,3.4540059347181007,0,21,40,37,337
310,27,5,33,2,48,9,0,0,6,46,21,0,14,0,1,67,26,0,0,16,22,0,25,38,9,3,12,14,1,3,2,3.904059040590406,3,39,31,18,271
311,21,1,19,1,28,4,0,0,4,36,1,0,17,0,0,36,9,0,0,1,5,0,10,20,20,2,5,2,0,0,2,5.0,0,6,32,16,134
312,38,3,59,0,105,62,3,4,13,103,46,0,57,0,0,96,47,1,1,6,24,0,28,65,17,13,20,14,3,9,11,5.163672654690619,12,38,40,42,501
313,31,6,49,1,91,23,3,2,5,75,8,0,35,0,3,98,41,1,0,7,27,0,31,61,18,16,20,7,1,8,8,5.061046511627907,9,9,40,32,344
314,20,8,54,1,66,33,2,5,9,71,29,0,31,0,0,62,43,2,0,2,16,0,25,36,12,20,11,11,8,1,4,5.984276729559748,7,23,40,28,318
315,19,2,31,1,71,34,1,3,11,95,26,0,26,0,0,90,17,0,0,6,34,0,45,33,6,5,19,10,2,3,6,4.882697947214076,2,8,40,44,341
316,36,3,49,2,93,39,7,1,8,99,36,0,30,0,0,97,38,2,1,6,25,0,30,60,17,18,23,9,2,4,6,5.401937046004843,6,21,45,46,413
317,32,5,68,1,85,26,1,4,11,95,39,0,24,0,4,113,46,1,0,4,29,0,38,79,28,10,15,11,5,4,6,5.448621553884712,5,49,36,50,399
318,32,8,40,1,56,22,3,0,4,79,44,0,19,0,1,80,38,0,0,9,32,0,30,47,22,12,13,9,2,0,1,5.038348082595871,1,65,35,35,339
319,32,5,84,3,88,26,0,2,7,134,82,1,15,0,0,102,35,1,0,20,27,0,32,65,23,5,23,9,0,3,5,5.261640798226164,5,68,36,30,451
320,30,2,65,0,79,32,1,3,5,78,28,0,21,0,0,62,29,1,0,7,14,0,14,52,22,12,3,7,2,3,8,5.527508090614886,2,20,40,27,309
321,12,2,26,2,58,23,2,2,11,34,11,0,22,0,0,46,25,5,0,3,13,0,30,0,9,6,23,16,3,3,3,5.480769230769231,5,9,32,25,208
322,27,7,84,0,99,32,0,3,8,97,42,0,30,0,0,78,49,0,3,13,22,0,24,64,18,17,8,12,1,6,8,5.3924050632911396,6,33,37,48,395
323,26,4,66,2,83,43,0,1,3,107,45,0,44,0,0,67,35,1,1,11,26,0,21,36,11,18,14,14,5,1,7,6.026246719160105,2,35,48,34,381
324,27,0,40,3,65,28,1,0,4,73,26,0,34,0,1,93,35,3,1,7,13,0,23,20,24,5,43,21,2,4,1,5.184049079754601,3,15,33,33,326
325,39,4,75,1,86,45,2,2,6,161,79,1,35,0,0,97,31,2,0,9,23,0,9,78,14,12,17,5,2,0,7,5.518382352941177,3,53,50,63,544
326,29,4,74,4,104,50,5,3,8,150,35,0,45,0,0,68,54,0,0,6,14,0,22,69,20,34,4,13,5,4,5,5.442622950819672,6,18,46,50,488
327,26,7,46,2,57,29,2,1,8,70,20,0,32,0,1,76,38,1,0,3,10,0,22,40,14,22,14,4,2,2,2,5.435483870967742,0,13,43,31,310
328,52,2,30,0,79,23,2,2,11,101,26,0,9,0,1,173,71,2,0,13,37,0,41,93,24,8,21,5,0,2,15,4.4033412887828165,8,31,27,31,419
329,37,5,76,2,65,41,3,6,11,101,29,0,18,0,0,106,22,0,0,13,18,0,20,92,22,15,9,2,5,2,4,4.967005076142132,3,31,35,63,394
330,64,3,57,0,89,32,4,1,10,95,17,0,26,0,1,158,55,3,2,2,22,0,30,85,25,13,26,15,2,5,7,4.91533180778032,7,9,36,40,437
331,28,8,59,2,93,45,4,1,6,118,23,0,50,0,1,126,45,0,0,8,25,0,37,74,16,30,21,6,2,2,10,5.0549019607843135,3,14,45,61,510
332,20,5,39,1,53,19,3,4,8,76,25,0,13,0,1,53,23,0,0,2,8,0,19,21,6,6,11,20,1,3,5,5.290566037735849,3,11,35,38,265
333,0,3,28,0,33,18,0,0,3,41,44,1,16,0,0,35,18,0,0,3,13,0,9,30,11,4,5,7,1,2,1,6.384615384615385,3,35,40,30,195
334,33,6,50,2,95,30,1,3,9,73,44,0,21,0,1,97,53,0,0,7,28,0,31,50,19,14,21,9,6,1,6,4.581018518518518,2,33,35,50,432
335,22,3,93,2,107,37,1,3,12,156,42,0,20,0,0,90,41,0,0,15,14,0,22,54,26,16,22,7,1,4,9,4.631799163179917,4,56,34,34,478
336,28,6,55,1,89,30,3,5,13,90,31,0,30,0,0,111,71,1,1,5,20,0,23,36,25,23,34,28,1,21,9,4.933774834437086,24,14,40,50,453
337,31,4,71,2,97,37,2,2,7,114,52,0,22,0,2,123,45,3,0,11,25,0,26,64,25,19,28,15,1,3,14,5.116379310344827,4,40,33,52,464
338,39,3,50,3,89,34,4,2,12,89,54,0,25,0,1,92,39,0,0,7,37,0,39,83,14,19,11,4,4,3,6,5.574821852731591,3,64,39,51,421
339,9,5,27,0,41,27,1,0,5,57,24,0,9,0,0,49,28,0,0,3,7,0,11,29,8,3,10,5,0,0,7,4.680672268907563,0,17,33,35,238
340,2,0,4,0,3,2,1,0,6,7,7,0,1,0,0,2,2,2,0,1,2,0,8,0,1,1,1,5,1,3,1,7.71875,3,0,24,13,32
341,8,1,9,0,22,11,0,1,3,25,8,0,10,0,0,20,15,0,0,0,5,0,8,4,12,2,8,8,1,3,4,5.93859649122807,3,1,31,13,114
342,16,5,32,0,47,20,1,2,4,39,31,0,16,0,0,58,30,0,0,4,5,0,8,27,11,16,19,12,1,3,4,5.177570093457944,6,28,36,28,214
343,37,6,55,2,106,51,9,5,12,88,48,0,41,0,0,109,51,2,2,9,31,0,35,47,18,13,25,20,7,7,9,5.464362850971923,7,42,40,46,463
344,32,4,45,0,62,28,5,0,2,79,9,0,23,0,0,74,25,0,0,3,19,0,10,41,18,16,12,6,2,2,7,5.488188976377953,4,1,40,29,254
345,49,7,61,2,99,47,1,2,13,89,37,0,34,0,0,139,62,0,0,3,19,0,31,11,9,10,71,32,3,13,4,4.8891454965357966,16,36,32,37,433
346,24,8,92,0,102,41,7,3,11,121,37,0,26,0,1,94,48,1,0,9,26,0,35,57,24,14,29,17,5,4,10,5.313025210084033,5,32,47,40,476
347,32,4,52,3,75,31,2,4,14,107,27,0,32,0,0,116,37,0,2,6,23,0,35,63,9,14,12,11,4,5,12,5.470430107526882,8,25,40,32,372
348,32,4,44,3,92,38,2,2,18,67,9,0,19,0,0,83,48,2,0,2,10,0,33,17,5,6,43,18,7,3,3,4.759036144578313,3,26,35,21,332
349,30,11,35,3,66,30,2,1,9,80,49,0,15,0,1,110,49,2,0,7,26,0,34,60,16,16,20,8,3,6,7,5.491758241758242,7,60,36,39,364
350,8,0,10,1,26,7,4,0,0,26,8,0,5,0,0,45,11,1,0,6,4,0,3,25,5,1,5,1,1,1,0,4.885714285714286,1,17,28,9,105
351,51,5,60,1,87,42,5,6,10,114,24,1,31,0,0,117,60,3,1,8,24,0,32,47,27,18,33,13,4,10,13,4.841163310961969,12,23,35,46,447
352,6,6,31,1,58,27,2,2,2,57,60,0,15,0,0,40,13,0,0,1,11,0,15,33,8,6,16,6,3,4,9,5.548872180451128,6,52,33,27,266
353,33,4,54,1,81,34,3,0,5,91,22,1,44,0,0,72,53,2,1,3,20,0,27,24,27,8,26,17,6,2,8,5.394520547945206,6,11,34,34,365
354,40,0,66,1,88,26,1,1,12,124,51,0,33,0,1,113,46,0,0,15,46,0,52,46,21,8,29,15,1,3,7,4.719769673704414,7,37,36,40,521
355,23,9,74,3,76,24,7,5,14,93,58,0,35,0,0,72,44,0,0,4,23,0,33,65,14,13,13,13,4,2,1,5.440298507462686,2,43,40,49,402
356,32,2,64,1,82,37,3,4,7,99,84,1,21,0,0,97,53,2,0,7,28,0,27,82,26,13,17,5,2,0,1,5.15719696969697,1,70,40,75,528
357,18,10,44,2,88,26,2,2,8,99,78,0,16,0,0,117,32,2,0,13,33,0,27,72,23,8,20,6,6,6,7,4.601178781925344,3,62,35,82,509
358,25,4,50,1,66,28,1,5,5,100,56,0,15,0,1,77,27,0,0,9,23,0,24,71,10,19,9,3,3,0,4,5.895348837209302,2,52,46,41,344
359,38,4,62,2,66,18,0,2,2,130,39,0,18,0,0,91,32,0,0,9,27,0,26,19,9,4,35,22,0,4,5,5.105849582172702,4,46,34,40,359
360,26,17,67,2,68,34,0,2,12,102,74,0,19,0,0,89,39,0,0,16,23,0,28,92,14,17,23,5,3,5,8,4.6387755102040815,5,79,40,56,490
361,21,7,43,2,57,35,3,2,2,62,25,0,25,0,0,61,34,0,0,6,15,0,13,41,13,11,14,8,3,0,1,5.01360544217687,1,12,40,41,294
362,33,10,49,2,74,35,2,1,10,84,39,0,28,0,0,78,35,0,0,3,26,0,29,14,12,14,21,26,0,1,5,5.696132596685083,1,27,45,27,362
363,7,5,29,1,25,21,1,1,1,34,12,0,10,0,2,40,29,0,1,4,9,0,9,33,17,5,2,2,1,4,9,4.845714285714286,4,8,31,37,175
364,35,4,75,1,110,39,0,3,11,112,50,0,37,0,0,103,43,2,0,7,31,0,31,68,19,23,18,4,6,5,5,5.763676148796499,8,34,40,44,457
365,29,4,59,0,103,20,2,1,6,104,87,0,24,0,0,121,43,4,0,13,22,0,26,95,36,12,20,3,3,6,5,4.937614678899083,8,75,40,67,545
366,44,1,62,1,92,46,0,2,9,107,47,0,37,0,0,122,40,1,0,6,27,0,27,89,19,19,20,6,7,2,12,5.423076923076923,3,45,39,41,442
367,17,0,43,0,61,24,1,0,3,63,11,0,18,0,0,63,21,0,0,1,16,0,12,30,9,6,12,4,2,0,4,5.579591836734694,0,5,35,23,245
368,38,1,56,3,71,43,4,0,7,90,16,1,26,0,1,110,61,0,0,10,16,0,20,72,18,15,22,11,2,3,8,4.788888888888889,5,12,42,42,450
369,37,2,72,3,69,23,1,4,4,114,88,0,25,0,1,108,47,2,0,11,33,0,21,54,28,12,45,14,4,1,4,5.0408560311284045,3,73,38,71,514
370,30,3,52,1,57,24,2,4,5,64,5,0,18,0,0,90,38,1,0,8,17,0,18,36,7,4,27,8,2,3,6,4.9421487603305785,3,4,34,23,242
371,17,2,26,0,36,14,2,1,3,37,13,0,8,0,0,28,13,0,0,3,7,0,8,9,13,4,4,9,0,3,2,5.015267175572519,5,9,26,12,131
372,14,1,46,6,60,43,5,4,20,79,18,0,20,0,0,52,23,0,2,2,15,0,31,1,7,3,17,17,5,5,6,5.635294117647059,6,17,31,28,255
373,9,1,16,0,15,15,0,2,2,25,8,0,7,0,0,35,14,2,0,3,6,0,8,15,10,1,11,6,1,0,3,4.984615384615385,1,5,31,23,130
374,34,5,83,0,83,25,7,4,5,81,58,0,33,0,0,61,24,0,1,10,23,0,20,69,17,19,6,4,4,1,9,5.784741144414169,4,50,40,43,367
375,31,1,46,0,55,25,0,2,5,84,74,0,11,0,0,89,26,1,0,10,28,0,22,65,16,10,15,5,0,0,6,5.448924731182796,1,73,40,46,372
376,25,5,33,0,37,34,1,3,4,42,34,0,22,0,0,55,27,3,1,2,15,0,9,17,8,6,28,9,1,1,4,5.138075313807532,1,28,31,35,239
377,40,1,50,1,67,30,3,2,14,97,39,0,18,0,0,111,45,2,0,3,22,0,31,10,8,15,51,32,1,7,7,4.93198992443325,8,33,36,50,397
378,30,3,74,1,75,35,4,1,10,103,66,0,27,0,0,78,26,1,1,6,22,0,22,67,22,11,15,4,4,2,5,5.548148148148148,6,63,42,58,405
379,40,8,80,1,93,48,3,7,15,127,43,0,30,0,2,114,31,0,0,9,19,0,32,79,23,10,7,5,12,4,6,5.241379310344827,5,33,39,53,464
380,39,3,41,6,76,31,1,5,10,94,4,0,19,0,1,94,49,0,0,2,20,0,25,45,16,11,21,12,2,10,4,5.325,10,8,37,9,280
381,25,8,47,0,69,21,2,7,17,78,17,0,27,0,0,88,34,1,1,10,32,0,42,21,19,10,14,17,2,1,15,4.913312693498452,1,12,37,36,323
382,2,3,88,8,79,30,3,1,1,117,37,0,26,0,0,57,31,0,0,7,26,0,14,74,14,18,8,2,5,2,5,5.552083333333333,4,37,36,45,384
383,47,2,73,0,91,27,1,0,5,86,19,0,46,0,0,89,39,0,0,8,13,0,20,56,23,21,12,4,2,2,3,5.207831325301205,3,21,34,8,332
384,21,0,47,0,56,14,0,5,3,80,30,0,16,0,0,93,36,0,0,2,20,0,19,62,12,9,17,3,0,2,1,3.8259668508287294,3,24,35,44,362
385,28,3,47,1,55,21,3,3,7,65,31,0,14,0,0,92,27,1,0,5,19,0,27,72,18,11,17,1,1,2,3,4.787535410764873,3,38,40,42,353
386,42,8,79,1,104,51,2,3,3,136,16,0,48,0,2,103,29,1,0,5,30,0,24,73,21,15,24,13,7,2,6,5.201342281879195,2,11,42,36,447
387,18,4,37,3,68,20,0,1,12,82,26,0,15,0,1,86,36,1,0,8,13,0,27,63,15,9,8,1,2,2,7,5.16875,3,23,36,30,320
388,32,1,65,0,62,35,0,1,5,131,30,0,19,0,0,118,38,0,1,4,25,0,18,76,13,10,21,9,0,2,11,4.9041769041769046,2,44,34,52,407
389,19,2,65,1,83,32,1,6,15,100,16,0,24,0,0,102,48,0,2,6,29,0,44,58,16,17,14,9,1,7,6,5.161290322580645,6,8,35,33,372
390,40,11,70,1,98,45,1,3,3,140,81,0,37,0,0,86,37,2,1,7,20,0,19,75,19,16,16,6,2,6,6,5.4340344168260035,6,77,40,67,523
391,31,4,53,0,61,57,1,3,2,78,22,0,22,0,0,41,37,0,0,6,32,0,34,10,22,8,9,29,0,3,4,5.9546925566343045,3,11,45,31,309
392,30,1,56,2,80,53,15,0,6,118,23,0,25,0,0,58,51,3,1,1,25,0,22,50,22,18,11,18,3,3,5,5.330845771144278,6,18,40,52,402
393,11,5,32,0,49,17,3,5,4,45,24,0,16,0,0,40,24,0,1,1,10,0,10,34,9,8,8,2,0,5,5,5.350230414746544,5,27,31,23,217
394,13,2,15,3,21,11,1,1,3,23,17,0,9,0,0,32,9,0,0,2,1,0,5,11,9,2,10,2,1,1,0,4.25531914893617,1,13,31,14,141
395,48,3,67,0,65,33,5,1,9,130,44,0,19,0,1,140,41,0,0,4,32,0,27,81,35,22,20,4,2,6,4,4.568807339449541,6,43,34,20,436
396,33,6,54,1,67,30,2,7,10,82,29,0,30,0,0,101,43,0,0,5,21,0,32,47,11,17,13,18,1,0,5,5.029255319148936,0,18,44,37,376
397,40,4,62,2,95,42,0,5,10,138,65,0,14,0,0,131,33,0,0,10,25,0,30,91,17,11,15,3,2,0,5,5.00804828973843,0,71,38,50,497
398,32,4,68,2,89,39,3,3,7,154,98,1,13,0,0,90,35,0,0,13,28,0,21,80,27,12,12,10,1,2,3,4.946788990825688,1,88,42,53,545
399,23,1,57,1,60,27,0,0,6,79,37,0,19,0,1,82,28,0,0,6,19,0,18,54,5,13,15,3,3,0,6,5.25085910652921,4,35,35,36,291
400,34,9,56,2,83,44,5,4,6,114,7,0,39,0,0,98,35,0,0,5,19,0,19,64,21,18,5,4,3,2,15,5.072727272727272,4,9,33,29,385
401,44,2,47,0,60,26,0,2,2,58,5,0,24,0,0,77,42,1,1,2,17,0,22,32,21,10,24,7,2,3,7,4.618181818181818,3,3,40,27,275
402,11,3,23,1,58,23,2,0,7,45,6,1,17,0,0,45,22,0,0,1,8,0,13,16,15,7,9,8,4,5,8,5.155913978494624,8,1,40,17,186
403,37,2,37,1,93,39,7,0,10,87,19,0,39,0,0,101,57,0,1,4,19,0,32,34,30,6,22,19,2,3,1,5.400544959128065,5,8,41,40,367
404,19,3,16,0,36,13,1,0,2,33,2,0,15,0,1,72,11,0,0,7,18,0,17,35,7,5,4,1,0,1,1,5.091463414634147,1,13,30,12,164
405,29,4,68,2,119,37,0,1,7,119,32,0,28,0,0,130,49,0,0,6,35,0,33,69,32,13,16,5,4,4,4,5.318279569892473,7,23,42,48,465
406,36,11,64,2,82,36,4,2,5,113,68,0,32,0,1,105,43,1,0,15,26,0,23,92,17,19,16,7,3,5,5,5.10371819960861,10,51,40,79,511
407,34,2,52,0,80,39,1,0,4,114,16,0,26,0,0,100,48,0,1,9,23,0,26,49,20,12,21,6,2,3,7,4.933333333333334,6,12,30,24,345
408,19,2,35,1,41,12,0,1,6,47,35,0,7,0,1,64,39,0,0,5,17,0,17,48,17,5,7,5,3,3,6,5.511111111111111,4,28,31,24,225
409,10,0,19,0,31,19,2,3,7,25,7,0,10,0,0,29,13,1,0,0,4,0,14,0,4,2,18,12,1,4,2,5.780701754385965,5,7,27,13,114
410,16,2,30,3,57,10,3,0,11,80,35,0,9,0,0,73,34,1,1,1,15,0,24,37,14,7,10,6,0,2,7,5.191780821917808,2,27,36,36,292
411,20,9,65,4,83,23,1,3,6,78,27,0,22,0,0,62,35,2,2,4,16,0,26,31,12,9,14,24,6,5,5,5.244299674267101,9,19,43,46,307
412,28,4,71,4,111,47,6,4,8,125,42,0,34,0,0,80,72,2,0,3,30,0,35,51,24,26,11,16,7,3,3,5.703933747412008,7,28,50,40,483
413,26,1,34,2,55,39,0,3,5,64,59,0,25,0,1,89,48,0,0,7,19,0,26,35,12,10,39,14,2,1,7,5.217054263565892,1,42,40,45,387
414,30,7,66,0,73,25,3,5,4,83,58,0,18,0,2,56,41,0,1,5,25,0,22,63,22,7,5,7,0,3,4,5.415760869565218,4,46,40,45,368
415,33,14,47,4,68,36,1,3,4,79,53,0,13,0,0,86,43,0,0,7,18,0,15,66,19,11,17,8,1,2,17,4.437777777777778,4,50,36,49,450
416,19,4,54,0,76,36,3,4,4,92,53,0,27,0,0,94,56,0,0,4,16,0,23,51,7,23,25,10,3,8,3,4.870824053452115,9,46,40,52,449
417,24,0,49,0,47,18,2,0,0,88,20,0,9,0,1,72,18,0,0,13,15,0,9,57,5,14,8,1,0,1,2,4.935483870967742,1,43,28,8,248
418,25,9,46,1,73,17,5,0,9,78,25,0,16,0,0,91,23,3,0,10,20,0,28,43,25,3,15,6,5,1,3,4.597523219814241,2,21,40,33,323
419,36,9,63,0,92,47,0,3,8,110,42,1,37,0,1,117,54,2,1,9,15,0,20,59,23,13,38,15,2,7,18,5.4593406593406595,6,34,40,42,455
420,34,4,69,0,64,29,1,4,4,118,25,0,22,0,0,56,27,1,0,6,13,0,16,42,9,8,7,9,2,1,7,4.863924050632911,2,21,37,27,316
421,17,0,15,2,13,12,2,0,1,26,6,0,7,0,0,31,18,0,0,2,7,0,6,23,3,3,5,3,0,2,3,4.838709677419355,3,7,26,4,93
422,21,4,31,1,57,32,1,3,2,60,15,0,25,0,1,97,48,1,0,2,13,0,17,69,13,19,15,1,4,2,9,4.644951140065147,2,14,30,33,307
423,19,4,23,1,28,14,0,1,2,48,0,0,10,0,1,45,17,0,0,9,4,0,3,31,12,5,10,1,1,3,5,5.36551724137931,6,18,30,19,145
424,41,9,74,3,102,60,2,5,8,135,21,0,31,0,0,91,47,0,1,3,29,0,36,40,22,18,25,26,3,6,12,5.56858407079646,6,16,40,43,452
425,29,3,40,0,63,34,3,4,2,87,68,0,16,0,0,60,40,0,0,7,19,0,17,54,16,4,20,3,4,1,4,5.375350140056023,1,66,37,34,357
426,34,12,59,4,101,35,0,2,8,100,53,0,49,0,0,85,41,1,0,3,19,0,30,25,21,22,46,12,4,0,4,5.089086859688196,1,43,34,41,449
427,14,3,32,0,35,18,0,0,6,46,32,0,12,0,0,49,26,0,0,4,16,0,19,29,29,7,10,14,0,1,3,5.025316455696203,3,36,28,38,237
428,15,6,40,4,46,19,1,0,8,65,5,0,21,0,0,43,14,1,0,2,11,0,18,22,7,12,12,3,5,4,2,5.236363636363636,5,7,42,26,220
429,33,10,88,3,115,45,1,9,19,105,16,0,64,0,0,81,44,1,0,11,12,0,27,30,22,17,28,13,6,6,7,5.6072234762979685,9,9,44,42,443
430,43,4,65,3,81,36,5,7,19,102,13,0,40,0,0,91,43,1,0,4,25,0,44,1,25,13,46,34,6,3,12,5.474747474747475,4,13,40,45,396
431,11,1,27,2,33,21,2,2,7,40,15,0,18,0,1,44,19,1,0,4,11,0,16,18,6,4,14,14,5,3,5,5.545454545454546,3,4,40,25,187
432,28,8,45,3,53,32,6,2,8,78,28,0,23,0,0,71,37,1,2,5,11,0,20,25,9,7,28,18,3,3,1,4.642857142857143,4,30,41,34,350
433,18,1,38,1,39,24,2,3,3,69,16,0,12,0,1,36,32,1,0,2,9,0,11,38,8,7,6,9,0,5,2,5.524752475247524,3,10,33,21,202
434,24,7,66,3,103,27,2,6,10,93,8,0,30,0,0,89,52,1,2,5,32,0,33,34,13,11,21,16,4,5,3,5.098550724637681,5,9,30,23,345
435,18,4,25,0,41,16,4,1,4,34,7,0,7,0,0,60,25,3,0,2,8,0,12,13,10,3,20,9,0,3,3,5.363636363636363,3,13,40,17,154
436,32,13,70,0,110,45,1,1,7,113,37,0,27,0,1,138,21,2,1,8,33,0,28,75,22,15,22,4,4,8,4,5.0,9,26,43,34,421
437,50,5,55,1,92,28,1,5,6,115,30,0,38,0,0,135,65,1,0,5,31,0,30,71,26,6,31,4,1,4,11,4.96875,6,26,36,46,448
438,24,7,47,0,61,22,1,0,2,79,73,0,12,0,1,88,18,1,1,13,30,1,24,75,19,3,12,3,1,2,8,4.892950391644908,3,70,36,49,383
439,7,2,43,2,44,25,2,0,3,96,175,1,18,0,0,32,19,0,0,4,14,0,12,67,7,11,8,6,1,0,2,6.110112359550562,1,187,32,92,445
440,5,1,24,1,18,11,0,3,0,38,13,0,13,0,0,42,39,0,0,1,11,0,9,20,10,3,10,2,2,1,3,5.366279069767442,3,16,36,26,172
441,18,1,24,0,35,11,1,0,2,44,14,0,12,0,0,42,13,0,0,4,13,1,8,23,10,6,6,3,1,1,6,4.84375,1,23,35,12,160
442,27,2,50,0,70,25,2,1,8,74,22,0,26,0,1,86,31,1,0,9,24,0,29,59,18,17,17,4,1,7,1,4.8386075949367084,7,17,38,35,316
443,13,2,30,0,36,28,2,0,3,43,21,0,9,0,1,56,12,0,0,2,10,0,9,28,13,8,15,13,3,0,6,5.453608247422681,2,14,38,36,194
444,11,1,43,1,63,40,4,0,6,69,9,0,21,0,0,41,21,3,0,2,15,0,15,21,17,8,3,4,1,3,2,6.0,3,4,40,20,245
445,19,2,27,1,33,14,1,1,4,47,22,1,6,0,1,39,21,1,0,5,9,0,12,17,11,8,6,9,3,3,5,5.364161849710983,6,17,30,17,173
446,52,3,76,1,96,52,7,3,13,91,37,1,23,0,1,116,44,0,0,4,33,0,44,68,27,11,25,6,3,5,6,5.153846153846154,8,35,40,37,468
447,22,1,45,2,58,22,7,4,9,61,4,0,13,0,0,75,35,0,1,6,20,0,28,38,15,12,22,3,1,2,6,5.388663967611336,4,4,34,19,247
448,18,2,37,1,48,24,6,4,8,66,18,0,26,0,0,43,27,2,0,0,16,0,27,19,17,9,15,10,2,0,8,5.551851851851852,4,11,40,34,270
449,42,2,66,3,80,36,2,1,3,120,116,0,42,0,0,103,36,3,0,5,18,0,20,38,17,11,42,21,1,1,8,5.338858195211786,1,100,40,79,543
450,28,0,46,1,86,48,1,2,5,118,46,1,25,0,0,79,30,1,0,4,31,0,28,63,18,6,15,6,4,5,11,5.445221445221446,7,44,34,45,429
451,36,9,79,4,95,35,2,2,18,89,19,0,28,0,1,108,51,0,2,3,16,0,32,33,15,2,31,13,7,4,10,4.737179487179487,3,19,30,18,312
452,11,1,23,0,32,8,0,0,2,40,36,0,6,0,1,40,16,0,0,2,9,0,8,38,7,8,8,2,1,1,3,4.781725888324873,1,31,33,24,197
453,24,0,59,1,84,49,8,2,26,123,27,0,26,0,0,122,74,0,0,4,13,0,38,31,10,18,34,20,1,6,18,4.726190476190476,11,15,40,36,504
454,12,1,27,0,40,20,0,2,10,60,38,0,10,0,0,63,30,1,0,6,18,0,23,37,12,6,17,5,2,3,7,4.550632911392405,5,38,40,31,316
455,22,3,57,0,69,35,1,3,4,86,33,0,21,0,1,83,36,0,0,0,20,0,19,57,9,7,16,8,5,5,4,5.389380530973451,9,18,38,40,339
456,20,7,50,2,82,38,3,3,9,90,15,0,22,0,0,123,45,5,0,3,28,0,31,68,14,20,19,3,3,3,10,4.73697270471464,5,31,37,58,403
457,29,3,37,0,106,51,1,0,46,89,23,0,12,0,0,142,49,0,1,4,31,0,68,19,25,6,22,21,9,0,8,4.8734177215189876,3,17,36,51,395
458,38,6,49,3,75,29,2,12,11,93,37,0,21,0,0,142,49,2,1,2,25,0,41,60,14,15,36,13,1,0,14,4.959910913140312,0,31,40,60,449
459,23,2,62,1,69,31,1,2,6,93,78,0,25,0,0,72,50,1,0,5,29,0,21,62,19,18,9,6,3,3,4,5.8799076212471135,6,74,46,47,433
460,19,3,78,3,104,31,0,4,11,144,39,0,14,0,0,99,43,0,0,6,26,0,34,67,25,15,10,5,1,7,2,5.330232558139535,8,38,49,49,430
461,26,6,43,1,73,25,8,5,9,83,36,0,13,0,0,63,40,2,0,4,8,0,19,17,19,5,18,17,2,1,8,5.614864864864865,2,23,37,34,296
462,43,12,69,3,88,37,1,1,6,102,44,0,41,0,1,89,51,0,0,9,36,0,39,87,29,12,20,13,1,4,5,5.826754385964913,5,37,30,48,456
463,24,3,51,1,64,46,7,2,12,69,45,0,32,0,0,48,14,1,2,1,20,0,29,17,10,9,20,12,3,2,1,6.040752351097178,2,40,50,25,319
464,10,3,15,2,20,13,1,4,4,17,26,0,14,0,0,30,24,0,1,2,2,0,8,1,4,0,20,6,0,2,1,5.232394366197183,3,21,33,19,142
465,5,3,36,0,28,16,8,0,7,46,11,0,6,0,0,18,5,1,0,1,6,0,12,1,9,1,12,6,0,2,3,6.967213114754099,2,4,34,12,122
466,25,4,56,0,72,19,1,2,7,98,28,0,21,0,0,72,38,2,0,4,21,0,23,44,14,18,10,9,3,1,1,5.464285714285714,1,14,45,38,336
467,19,6,73,3,70,33,1,4,13,69,34,0,38,0,3,77,35,3,0,12,25,0,36,66,18,13,2,6,2,1,2,5.0576923076923075,1,20,40,47,364
468,38,3,75,6,96,30,0,1,11,113,60,0,22,0,1,106,42,2,0,16,20,0,32,95,25,5,21,12,5,7,2,5.197247706422019,10,64,32,23,436
469,15,4,17,0,30,12,0,0,2,37,1,0,6,0,0,47,17,0,0,8,8,0,11,33,11,5,0,1,1,1,2,4.72,2,0,30,19,150
470,21,7,82,0,109,47,2,3,4,112,46,0,31,0,2,97,48,1,1,12,34,0,30,67,21,18,17,10,2,6,11,5.533039647577093,8,30,41,48,454
471,23,5,82,0,95,48,1,1,9,168,61,0,36,0,0,80,42,0,0,8,33,0,27,76,8,13,8,11,0,2,7,5.857142857142857,4,41,44,59,532
472,3,0,7,0,12,2,0,0,1,12,1,0,0,0,0,16,3,0,0,0,2,0,1,8,3,0,4,1,0,0,0,5.142857142857143,0,4,21,5,42
473,26,10,60,0,98,21,2,5,5,88,72,0,32,0,0,140,42,1,0,9,35,0,24,100,14,17,14,7,6,2,12,5.179545454545455,4,49,40,57,440
474,43,6,63,0,87,54,8,5,3,113,15,0,47,0,0,127,66,1,0,9,25,0,20,73,12,18,31,8,1,2,13,5.19706498951782,4,11,37,49,477
475,16,5,46,1,54,26,1,1,7,69,86,1,18,0,0,70,41,0,1,9,20,0,26,45,15,3,26,2,2,1,3,5.295514511873351,1,83,46,71,379
476,18,4,44,0,54,26,1,0,14,93,12,0,22,0,1,79,45,0,0,3,13,0,31,14,12,4,32,11,2,4,7,4.775384615384615,5,23,30,22,325
477,24,3,31,0,43,21,0,0,6,53,23,0,15,0,0,54,25,0,0,2,14,0,22,36,10,14,10,2,1,1,2,5.462882096069869,2,19,40,25,229
478,15,3,40,5,51,21,6,3,8,75,19,0,27,0,1,59,39,0,0,3,21,0,30,25,20,8,22,9,4,1,4,5.364516129032258,3,30,38,43,310
479,17,1,31,1,43,22,2,2,5,50,12,0,26,0,0,23,15,0,0,3,11,0,16,0,10,8,16,11,3,2,1,5.672131147540983,3,4,40,19,183
480,46,5,71,0,94,32,2,0,10,88,47,0,30,0,0,133,47,0,0,10,23,0,29,104,29,12,18,0,6,3,4,5.098795180722892,3,50,32,35,415
481,16,7,44,1,74,53,2,2,4,100,19,0,58,0,1,17,25,2,0,3,20,0,20,0,10,6,14,33,4,0,3,6.994011976047904,2,8,35,28,334
482,15,1,23,1,28,10,1,1,3,31,5,0,6,0,0,34,11,0,1,0,4,0,8,5,5,2,20,2,2,0,8,5.20952380952381,1,2,29,15,105
483,20,1,78,1,96,33,2,3,1,140,34,0,38,0,0,104,17,1,0,17,18,0,14,76,14,22,9,2,4,0,7,5.130434782608695,0,22,46,60,460
484,31,7,75,2,110,38,1,1,7,107,38,0,38,0,2,100,53,2,0,8,27,0,31,80,23,25,7,7,7,2,5,5.550561797752809,5,32,40,43,445
485,31,9,74,3,95,25,1,0,5,101,12,0,18,0,0,115,41,1,0,16,26,0,23,60,21,6,16,5,1,1,5,4.48169014084507,1,10,36,23,355
486,28,3,84,1,90,32,5,1,3,109,35,0,19,0,1,62,42,5,0,1,28,0,28,61,11,16,11,11,1,11,2,6.019337016574585,11,28,43,37,362
487,36,3,88,2,106,38,2,3,7,136,36,0,22,0,1,87,56,1,0,11,25,0,24,90,33,6,8,5,3,2,11,5.032188841201717,4,28,40,53,466
488,37,2,69,3,91,23,2,0,7,128,25,0,23,0,0,124,29,0,0,14,21,0,26,88,26,13,15,0,4,3,4,5.213333333333333,2,24,45,52,450
489,27,4,35,3,73,17,2,3,2,65,10,0,17,0,0,88,26,0,0,4,9,0,10,64,10,6,8,2,1,7,4,4.572052401746725,8,7,33,17,229
490,18,8,34,0,38,25,0,3,2,66,15,1,18,0,0,52,18,0,0,6,11,0,15,24,11,13,18,6,1,1,2,4.742857142857143,2,23,30,41,245
491,25,5,65,5,87,29,7,1,0,100,40,0,30,0,1,58,31,1,1,7,28,0,18,64,23,7,13,3,3,4,2,6.160349854227405,4,34,37,29,343
492,6,3,10,0,10,4,1,1,1,10,2,0,7,0,0,11,3,1,0,1,2,0,5,4,0,1,5,3,1,0,0,5.529411764705882,0,3,26,8,51
493,14,4,41,0,63,24,3,6,13,51,20,0,17,0,1,78,38,0,0,6,14,0,26,18,15,5,27,7,0,2,12,5.028880866425993,3,19,40,43,277
494,18,2,45,5,65,36,0,0,4,67,25,0,23,0,0,67,33,0,0,6,14,0,15,13,10,9,25,15,2,2,7,5.147651006711409,5,41,36,37,298
495,4,2,12,0,15,7,1,1,3,26,21,0,12,0,0,23,0,1,0,1,6,0,2,15,3,2,3,5,0,0,7,4.962616822429907,2,19,30,10,107
496,27,8,58,2,83,31,4,3,9,84,28,0,25,0,0,142,58,1,0,5,28,0,33,79,21,27,20,9,2,4,8,4.753488372093023,5,24,36,38,430
497,7,0,49,1,70,14,3,2,4,66,76,0,20,0,0,90,31,0,0,11,14,0,18,63,20,12,12,9,1,0,8,5.154891304347826,1,72,34,50,368
498,30,6,83,2,83,41,1,2,6,97,34,0,25,0,0,99,36,0,0,4,24,0,27,51,13,8,30,11,4,1,8,4.343669250645995,2,29,34,25,387
499,24,13,66,2,83,38,3,5,7,87,22,0,41,0,0,83,42,0,2,15,19,0,19,63,22,18,14,4,5,3,5,5.255936675461742,5,18,37,39,379
500,28,4,45,0,69,40,2,0,7,91,33,0,21,0,0,78,30,0,0,7,19,0,22,51,14,10,9,7,5,0,4,5.152298850574713,4,21,40,39,348
501,31,4,42,2,78,20,5,0,11,80,46,0,17,0,0,100,41,0,0,7,19,0,29,81,33,30,14,2,5,4,7,5.152061855670103,7,38,47,34,388
502,21,0,39,1,51,14,1,3,8,78,63,0,14,0,0,64,25,0,0,1,24,0,25,44,16,9,2,2,2,1,5,5.213166144200627,1,53,47,40,319
503,55,9,92,2,70,45,6,7,16,133,13,0,30,0,0,84,56,1,0,6,38,0,55,11,12,4,37,34,11,7,14,5.178489702517163,13,21,32,23,437
504,14,2,19,0,51,19,0,0,2,89,49,0,11,0,0,67,22,0,0,1,21,0,16,62,6,7,17,4,2,3,5,4.771241830065359,6,67,31,29,306
505,32,2,61,0,101,28,0,3,4,123,83,0,16,0,0,121,51,2,0,7,15,0,26,93,19,16,18,6,3,0,1,5.426587301587301,3,88,32,63,504
506,44,5,62,0,90,36,4,2,5,102,14,2,38,0,0,132,46,2,2,5,32,0,37,39,25,11,52,20,7,5,9,5.107476635514018,6,12,40,47,428
507,16,2,35,0,56,35,2,1,15,83,45,0,16,0,0,57,30,4,0,5,6,0,27,2,9,5,32,25,1,3,3,5.292763157894737,4,42,36,35,304
508,26,1,48,1,54,34,1,11,10,71,19,0,24,0,0,83,40,1,0,1,11,0,16,13,11,5,29,20,3,8,10,5.52014652014652,11,37,31,24,273
509,27,1,62,3,74,30,1,1,8,95,36,0,23,0,1,96,41,2,1,5,26,0,27,72,13,16,8,2,2,1,5,4.630490956072351,2,21,37,40,387
510,15,1,31,0,64,17,0,1,2,45,1,0,7,0,1,62,16,0,0,10,6,0,4,39,13,3,11,1,2,3,2,5.148387096774194,4,4,35,11,155
511,13,2,31,1,37,10,3,0,1,53,3,0,7,0,0,90,24,0,0,0,13,0,8,61,11,10,9,2,0,0,1,4.5,1,28,28,9,180
512,27,18,79,0,95,64,4,4,10,118,61,0,39,0,0,72,46,1,1,0,30,0,36,62,13,5,20,12,4,10,11,5.308910891089109,11,45,37,76,505
513,23,1,43,4,66,30,6,2,18,84,54,1,23,0,0,60,35,2,0,5,13,0,35,5,10,12,38,26,2,10,6,5.158854166666667,9,37,41,55,384
514,31,9,65,2,86,40,0,4,3,117,90,0,22,0,0,79,32,1,0,8,26,0,17,79,10,24,9,2,2,3,6,5.836601307189542,3,78,46,48,459
515,18,4,45,2,55,17,1,0,3,69,13,0,11,0,0,92,19,0,0,1,16,0,19,55,9,12,10,11,2,7,5,4.521400778210117,11,8,35,32,257
516,18,4,48,5,50,17,2,0,4,70,60,0,11,0,0,56,23,1,0,4,18,0,17,69,13,19,9,1,2,4,2,4.596774193548387,3,57,45,51,372
517,22,9,59,2,77,35,3,0,8,92,26,1,24,0,2,72,32,1,1,5,13,0,24,25,12,15,22,18,6,3,3,4.622448979591836,6,15,45,47,392
518,27,4,27,1,65,26,4,4,6,85,68,0,17,0,2,117,64,0,0,5,32,0,32,56,19,10,25,14,3,5,9,4.943231441048035,5,58,37,53,458
519,16,1,57,1,64,30,1,0,7,100,28,0,17,0,0,82,21,0,0,10,23,0,27,56,15,11,12,2,0,3,3,5.2296918767507,3,23,41,52,357
520,25,2,60,2,59,26,4,1,6,80,20,1,25,0,0,82,32,0,0,4,15,0,20,52,15,10,13,4,2,5,10,5.156666666666666,5,16,39,26,300
521,18,0,30,1,38,17,3,0,6,48,6,0,10,0,0,76,20,0,0,5,11,0,20,23,12,2,21,7,1,2,4,4.549222797927461,2,0,29,16,193
522,10,0,19,0,19,12,0,1,2,31,5,0,7,0,0,23,11,1,0,1,6,0,7,3,6,6,8,12,1,1,0,5.333333333333333,2,3,31,14,108
523,31,2,81,0,83,39,0,1,7,136,33,0,37,0,0,66,38,1,1,3,28,0,38,52,16,11,18,8,2,8,6,5.629976580796253,9,21,40,48,427
524,40,4,58,1,79,23,1,7,10,99,55,0,19,0,0,89,33,1,0,9,24,0,31,83,12,21,7,2,1,1,7,5.515151515151516,4,51,38,38,396
525,17,5,49,1,66,30,0,0,4,101,23,0,13,0,0,80,22,0,0,5,28,0,16,54,13,12,8,5,1,3,1,4.962025316455696,3,11,37,30,316
526,25,7,67,1,85,13,1,1,8,84,25,0,31,0,1,58,30,0,1,4,12,0,14,55,16,10,10,1,1,1,7,5.177083333333333,2,18,34,27,288
527,40,2,79,5,98,35,7,5,7,92,38,0,39,0,1,95,49,2,1,8,17,0,23,90,27,30,9,5,1,3,3,5.396396396396397,4,34,35,59,444
528,43,12,39,0,72,28,0,0,6,96,12,0,31,0,0,137,43,0,0,16,17,0,21,64,26,12,24,10,2,6,11,4.711590296495957,13,14,37,29,371
529,33,6,52,1,90,36,2,2,15,100,34,0,33,0,0,107,42,0,1,4,26,0,36,48,20,12,18,17,4,4,10,5.372641509433962,5,22,42,46,424
530,26,3,49,1,63,39,3,2,6,80,30,0,33,0,0,70,40,1,2,4,9,0,13,26,20,7,19,15,2,3,4,5.365714285714286,2,27,40,41,350
531,49,5,72,1,103,21,1,0,5,127,38,0,28,0,1,121,28,0,0,15,43,0,36,98,19,9,7,3,4,0,6,4.881057268722467,1,38,38,50,454
532,40,6,65,0,108,39,4,1,3,126,23,0,43,0,0,83,41,0,1,4,21,0,25,42,18,18,25,17,5,3,4,5.947368421052632,3,22,50,35,418
533,28,6,48,2,90,24,1,3,10,103,107,0,24,0,0,115,36,0,0,4,27,0,29,103,20,19,24,3,3,0,13,4.878899082568807,1,112,42,56,545
534,38,4,59,0,79,40,7,8,20,105,44,0,27,0,0,108,58,2,0,10,27,0,41,60,22,14,18,12,2,1,11,5.251626898047722,1,35,40,41,461
535,34,8,77,2,104,30,2,0,3,124,33,0,33,0,0,105,25,0,0,10,27,0,25,95,28,19,10,2,1,6,3,5.3130434782608695,6,21,40,46,460
536,1,0,2,1,3,5,1,0,0,5,0,0,2,0,0,6,2,0,0,0,2,0,1,2,0,0,0,1,0,0,0,5.052631578947368,0,1,20,2,19
537,41,3,46,3,88,43,2,5,7,79,49,1,28,0,0,135,49,2,1,9,24,0,29,77,38,5,32,26,4,9,12,5.0092592592592595,14,51,36,48,432
538,48,2,63,1,68,26,2,0,11,132,34,0,20,0,0,110,50,1,0,8,26,0,35,67,20,14,24,13,0,1,5,4.7170263788968825,1,29,34,43,417
539,26,4,41,2,59,25,1,8,5,63,37,0,23,0,0,68,27,0,0,11,15,0,12,53,11,18,12,4,1,1,5,4.811258278145695,3,24,40,36,302
540,3,3,29,2,49,6,1,0,0,31,19,0,8,0,4,41,27,0,0,10,11,0,8,28,2,2,11,1,0,0,6,4.6050955414012735,0,17,30,20,157
541,33,2,49,0,66,40,7,1,9,79,19,1,22,0,0,92,54,7,0,3,23,0,33,6,19,7,44,20,1,10,7,5.0997150997151,11,9,31,37,351
542,33,2,45,1,73,44,3,2,7,81,11,0,16,0,0,91,58,3,0,5,22,0,26,55,15,14,13,8,1,2,10,4.80466472303207,5,4,40,31,343
543,34,9,73,1,102,34,2,5,10,134,52,0,27,0,0,95,61,0,1,10,25,0,29,55,21,15,16,4,7,2,3,4.955598455598456,2,38,50,52,518
544,8,2,21,0,22,14,0,1,15,46,23,1,12,0,1,23,20,1,0,1,0,0,20,1,4,0,6,4,0,1,8,4.476190476190476,2,19,25,22,210
545,26,8,81,1,89,26,2,2,0,127,98,1,47,0,0,81,27,0,0,10,34,0,18,91,26,17,7,7,1,0,8,5.13859649122807,2,75,41,73,570
546,31,6,36,0,65,43,3,2,8,76,19,0,14,0,0,82,22,1,0,3,19,0,24,21,17,6,32,16,1,4,5,5.392491467576792,5,11,37,25,293
547,17,1,27,0,50,19,1,3,8,39,10,1,16,0,0,49,26,1,0,3,8,0,19,13,17,4,15,10,1,3,4,5.020304568527918,4,6,40,25,197
548,14,1,33,0,57,13,2,1,8,49,35,0,15,0,0,44,17,0,0,1,3,0,12,21,8,5,11,3,1,0,1,4.989949748743719,1,30,40,18,199
549,3,0,17,1,13,12,1,0,4,19,0,0,9,0,0,9,4,2,0,2,7,0,13,1,2,1,1,8,1,0,1,4.987804878048781,0,0,21,6,82
550,48,3,74,0,98,22,3,5,11,118,52,0,24,0,0,119,54,3,1,13,23,0,27,67,20,16,13,11,7,4,15,4.862068965517241,9,41,44,52,464
551,25,7,65,0,64,36,1,3,4,93,12,0,24,0,0,56,40,2,2,6,19,0,26,15,11,8,35,15,1,3,7,5.251633986928105,4,6,33,30,306
552,49,3,59,2,105,42,2,2,17,91,47,0,33,0,0,126,51,1,0,4,28,0,49,36,15,6,43,16,2,0,12,5.109181141439206,5,48,31,22,403
553,23,0,57,3,52,29,0,1,8,81,33,0,17,0,1,106,32,0,0,7,21,0,23,50,15,6,26,6,4,3,13,5.408304498269896,11,32,32,22,289
554,32,9,90,0,112,40,2,2,9,122,26,0,51,0,1,79,54,2,0,12,33,0,36,68,19,15,10,6,2,6,5,5.200440528634362,5,14,46,40,454
555,10,2,43,1,42,29,0,1,11,60,20,0,14,0,0,43,18,0,0,3,10,0,22,12,10,4,18,7,0,1,7,5.828703703703703,4,7,41,24,216
556,34,3,42,1,91,35,2,1,8,108,37,0,32,0,3,135,55,6,0,8,26,0,39,89,25,19,19,6,5,6,12,4.860674157303371,7,25,35,47,445
557,21,2,32,1,44,23,6,6,5,38,4,0,11,0,0,53,34,2,0,2,12,0,17,18,4,7,14,10,1,2,4,5.0945273631840795,1,0,40,20,201
558,32,6,41,0,63,34,1,5,7,83,25,0,20,0,0,97,49,3,1,7,29,0,37,67,18,19,24,3,4,5,12,4.948402948402949,10,25,45,67,407
559,47,7,71,1,98,29,5,10,12,80,37,0,14,0,0,117,53,0,0,7,30,0,37,74,35,27,22,13,1,12,9,4.949561403508772,12,36,43,36,456
560,32,7,61,2,83,36,3,4,8,111,41,0,29,0,0,129,51,1,1,13,31,0,39,63,19,22,22,12,4,8,3,5.370212765957447,9,35,41,47,470
561,38,6,51,0,93,31,1,5,12,92,13,0,39,0,0,99,44,1,1,6,23,0,29,55,23,12,14,7,3,1,7,5.156498673740053,2,6,41,36,377
562,30,4,72,4,108,49,3,1,4,130,19,0,16,0,1,129,60,3,0,7,21,0,24,79,28,18,21,10,4,4,0,5.112334801762114,5,21,36,38,454
563,10,0,25,0,24,15,2,1,4,40,6,0,10,0,0,47,12,0,0,6,16,0,22,28,16,8,7,3,0,2,6,4.581521739130435,2,3,34,22,184
564,26,7,75,0,89,42,4,0,9,125,43,0,19,0,0,104,58,1,0,7,37,0,42,76,23,19,12,2,3,11,6,5.189130434782609,9,41,41,39,460
565,27,4,41,1,53,27,2,1,5,72,22,0,30,0,0,66,37,2,0,2,20,0,23,54,19,7,7,8,3,5,8,5.242811501597444,5,11,35,36,313
566,17,3,17,0,51,13,2,3,9,48,21,0,21,0,0,70,31,0,0,1,14,0,22,13,5,4,18,9,2,2,5,4.418502202643172,3,10,30,23,227
567,22,5,79,0,113,45,9,4,11,131,52,0,57,0,1,81,37,4,1,5,24,0,36,49,26,15,9,8,4,1,2,6.080645161290323,4,44,55,44,496
568,20,1,40,1,62,25,2,0,9,61,41,0,21,0,0,59,19,0,1,7,17,0,22,58,18,12,8,2,1,1,1,5.297734627831715,1,36,40,31,309
569,27,5,54,0,71,35,2,5,5,111,34,0,32,0,0,79,27,0,1,4,19,0,19,55,4,19,7,3,1,3,3,5.819628647214854,2,19,50,35,377
570,24,6,95,4,93,38,2,0,3,108,83,0,18,0,3,67,38,1,0,10,32,0,26,75,9,17,10,4,3,3,4,5.408352668213457,3,80,35,49,431
571,27,1,25,1,58,11,0,1,3,51,36,0,11,0,0,61,35,1,0,5,15,0,14,36,4,12,11,6,0,3,3,5.330143540669856,3,30,32,18,209
572,19,4,31,3,42,22,6,2,12,62,16,0,24,0,0,43,30,1,0,3,8,0,26,6,11,6,18,10,2,2,4,5.615384615384615,0,5,37,24,247
573,28,3,34,3,70,35,5,1,13,66,16,0,34,0,0,91,55,0,1,2,15,0,27,41,9,4,38,8,1,8,18,5.213157894736842,12,16,34,43,380
574,36,3,35,0,80,30,3,2,10,71,35,1,20,0,0,103,56,0,1,1,19,0,24,33,23,4,37,15,5,3,8,4.949438202247191,3,29,46,31,356
575,15,5,47,1,74,47,3,4,16,74,16,0,54,0,0,35,13,2,1,0,15,0,32,12,5,20,21,14,14,1,2,6.022364217252396,0,1,34,37,313
576,36,7,82,1,113,40,1,4,16,99,11,0,32,0,0,95,53,1,0,9,31,0,47,68,29,27,13,4,4,8,10,5.570776255707763,11,3,41,42,438
577,24,8,29,1,62,22,6,3,4,63,26,0,24,0,0,68,37,1,0,7,18,0,23,18,5,12,28,14,0,1,6,4.530085959885387,1,21,40,36,349
578,15,9,43,0,51,25,2,2,9,66,14,0,24,0,0,65,32,1,0,4,20,0,24,36,10,17,19,7,3,9,5,4.996363636363636,10,6,34,32,275
579,23,1,17,2,24,10,2,0,4,25,3,0,14,0,0,35,20,2,0,2,16,0,19,20,8,7,10,6,2,1,3,4.669172932330827,1,11,30,6,133
580,8,1,30,0,23,22,2,0,1,40,4,0,6,0,0,23,18,0,0,0,6,0,3,20,2,3,6,3,0,0,1,5.033898305084746,0,6,30,15,118
581,44,7,41,0,75,17,3,4,15,83,15,0,24,0,0,130,34,0,0,9,26,0,32,53,20,10,19,17,3,7,12,4.9299719887955185,8,12,36,26,357
582,12,3,24,1,34,8,0,0,2,42,1,0,6,0,0,41,10,0,0,2,14,0,10,41,7,5,1,1,1,3,5,5.015625,3,2,30,11,128
583,22,5,34,0,34,14,0,1,4,60,3,0,7,0,0,56,20,0,0,6,7,0,14,39,15,2,6,3,1,2,7,4.645161290322581,4,13,32,15,186
584,36,3,46,0,64,25,2,0,5,69,16,1,29,0,0,108,49,0,0,6,16,0,18,60,23,11,23,5,4,3,7,4.969899665551839,4,19,35,28,299
585,19,2,40,0,49,24,5,4,6,73,27,0,18,0,0,43,31,3,0,6,12,0,13,33,11,16,5,9,2,1,3,5.973584905660378,3,19,45,32,265
586,14,1,29,0,31,22,2,4,1,34,7,0,10,0,0,44,9,1,0,0,3,0,8,13,3,3,10,7,1,1,5,5.297101449275362,1,6,33,12,138
587,20,6,36,1,61,25,1,1,8,63,33,0,17,0,1,60,48,0,2,6,17,0,19,37,5,10,5,7,2,7,1,5.411149825783972,9,34,36,23,287
588,36,8,65,2,97,39,2,3,5,131,56,1,29,0,0,140,35,0,0,9,14,0,20,90,22,13,14,9,3,1,1,5.130693069306931,1,49,42,70,505
589,34,4,56,0,69,22,2,0,10,101,72,0,41,0,0,106,37,1,0,5,27,0,32,49,15,12,25,25,2,0,10,4.995918367346939,1,63,39,68,490
590,19,6,31,0,55,19,2,4,4,84,50,0,19,0,0,65,24,0,1,4,14,0,20,23,18,2,22,20,4,6,10,5.027950310559007,6,41,40,33,322
591,24,2,56,0,77,28,3,6,3,81,21,1,25,0,0,78,40,1,0,3,8,0,10,6,31,6,52,24,6,1,12,5.595808383233533,2,3,40,35,334
592,39,2,59,1,92,35,3,1,16,112,56,0,29,0,0,121,34,1,0,13,39,0,39,80,23,13,18,3,3,3,8,4.847599164926931,10,47,40,41,479
593,18,3,31,2,36,12,0,3,5,36,9,0,14,0,1,48,18,0,0,2,13,0,15,34,9,1,7,5,6,4,4,4.913907284768212,4,9,32,9,151
594,36,2,71,8,88,25,2,2,1,123,43,0,32,0,0,126,39,0,0,18,29,0,24,89,29,15,18,18,2,3,5,4.890829694323144,3,37,35,47,458
595,6,2,8,0,23,12,4,2,1,45,8,0,3,0,0,17,11,0,0,0,6,0,4,9,2,0,6,7,1,2,2,5.75,3,12,25,19,112
596,29,5,51,0,79,32,4,0,15,88,45,0,26,0,0,62,45,0,0,5,15,0,32,32,19,15,16,10,0,8,13,4.816537467700258,10,32,36,31,387
597,28,7,45,2,50,38,0,5,4,83,31,0,17,0,0,68,29,0,0,6,18,0,17,62,17,8,8,1,1,3,3,4.924198250728863,3,19,45,46,343
598,24,3,22,0,50,19,4,3,18,40,17,0,27,1,0,61,42,2,0,8,18,0,36,29,3,8,13,5,5,5,3,5.071129707112971,5,20,35,25,239
599,54,3,68,2,83,45,3,4,7,119,26,0,45,0,1,106,65,2,0,4,23,0,28,62,12,17,27,11,3,2,9,5.5377777777777775,4,22,36,59,450
600,31,11,71,4,111,52,6,6,21,85,22,0,46,0,0,113,49,0,0,7,28,0,47,70,17,15,14,6,4,6,5,5.03056768558952,7,11,40,59,458
601,17,7,58,4,76,18,2,0,9,115,76,0,34,0,1,127,43,0,0,11,40,0,48,61,10,18,31,16,0,5,11,4.926565874730022,10,66,33,54,463
602,19,6,46,1,64,21,1,0,4,87,22,0,9,0,1,76,31,0,0,3,15,0,19,41,22,3,15,7,3,2,7,4.894557823129252,3,14,39,35,294
603,12,1,28,2,62,24,3,3,8,63,22,0,11,0,0,60,28,0,0,1,13,0,17,37,10,7,8,5,2,2,5,5.443037974683544,4,20,40,24,237
604,7,1,7,0,8,5,0,0,1,17,2,0,3,0,0,20,7,0,0,1,4,0,4,9,4,2,5,2,0,1,0,4.383333333333334,1,1,28,6,60
605,5,0,10,0,4,1,0,0,0,4,18,0,1,0,0,11,6,0,0,0,5,0,1,9,0,0,2,1,1,0,1,5.395348837209302,0,17,28,3,43
606,38,15,61,3,103,36,0,4,2,105,72,0,45,0,0,81,33,0,0,7,0,0,6,50,33,2,39,8,1,6,7,5.283613445378151,7,58,42,60,476
607,32,6,39,1,73,20,4,3,6,62,21,0,24,0,0,96,43,4,1,3,5,0,20,51,9,13,19,4,3,3,6,4.857142857142857,2,16,31,38,301
608,48,5,48,1,83,52,1,2,10,89,60,0,44,0,1,129,69,3,0,6,26,0,39,76,7,4,30,11,1,7,4,4.923566878980892,6,40,32,56,471
609,41,7,68,1,111,19,1,6,5,112,96,0,19,0,0,74,47,3,0,10,35,0,36,88,11,10,19,8,3,1,8,5.10239651416122,5,92,40,37,459
610,26,2,17,1,12,20,3,0,9,42,54,0,14,0,0,56,18,0,0,2,12,0,20,14,5,3,14,9,1,1,5,3.868327402135231,1,29,30,22,281
611,12,6,34,0,76,32,0,1,10,62,15,1,23,0,0,80,39,0,0,2,7,0,15,19,14,11,31,11,0,2,8,5.442379182156134,5,14,41,27,269
612,19,9,84,0,103,32,0,0,6,150,60,0,34,0,1,77,31,2,0,4,23,0,19,65,15,21,11,5,0,1,4,5.869747899159663,2,51,50,57,476
613,19,6,44,1,75,26,0,4,2,95,64,0,22,0,0,71,27,0,1,1,14,0,14,54,7,16,11,5,3,3,0,5.174386920980926,2,55,36,45,367
614,34,4,69,1,89,54,2,2,13,105,36,0,35,0,0,93,32,1,2,2,32,0,40,18,9,5,36,36,3,2,10,5.1827676240208875,4,32,30,38,383
615,24,1,45,1,76,30,12,3,9,92,6,0,30,0,0,116,48,5,0,2,37,0,36,68,13,15,8,5,5,7,6,5.018087855297158,10,10,41,34,387
616,6,1,14,0,21,3,0,0,3,44,13,0,7,0,0,33,5,0,0,1,7,0,9,10,0,1,12,0,0,1,3,5.182795698924731,1,15,22,17,93
617,27,4,83,0,104,39,4,5,15,123,25,0,38,0,1,134,43,0,0,4,29,0,38,48,16,11,33,10,6,4,6,4.887665198237886,4,18,50,47,454
618,21,3,50,0,64,42,3,9,10,98,17,1,17,0,1,63,29,0,2,3,29,0,36,19,11,13,15,17,3,3,4,5.306547619047619,3,8,30,37,336
619,44,4,48,1,101,37,4,4,18,104,11,0,28,0,0,128,49,0,0,8,42,0,61,25,21,24,36,24,6,6,9,5.034313725490196,7,8,40,21,408
620,32,5,45,1,69,41,1,4,8,85,4,0,23,0,0,115,32,1,0,8,23,0,23,48,16,10,28,4,1,11,3,4.94,11,14,36,25,300
621,20,5,63,4,91,21,1,9,10,89,62,0,32,0,1,90,55,0,0,6,14,0,23,52,29,13,29,9,4,0,12,5.466824644549763,4,51,37,58,422
622,17,3,27,0,34,14,2,3,5,45,6,0,9,0,0,42,9,0,1,3,9,0,12,12,5,2,8,11,3,1,6,4.264516129032258,2,1,28,17,155
623,9,5,52,1,68,28,3,4,11,126,137,0,32,0,0,113,38,0,0,4,32,0,32,76,20,12,20,10,2,1,10,5.52195945945946,2,126,38,70,592
624,23,7,57,4,74,36,1,2,3,90,30,0,25,0,1,107,55,2,1,7,21,0,17,72,25,7,23,7,3,1,4,5.329700272479564,3,27,32,34,367
625,22,2,33,0,45,27,5,3,6,45,19,0,12,0,0,51,56,1,0,2,10,0,17,33,9,10,15,13,2,3,7,5.2629482071713145,5,14,40,37,251
626,24,6,46,3,59,20,2,3,10,77,44,0,4,0,0,112,35,1,0,6,17,0,26,49,21,11,35,7,2,1,16,4.943734015345268,1,41,45,54,391
627,35,1,61,2,77,33,1,1,8,98,20,0,20,0,0,91,46,5,0,12,22,0,20,75,23,19,13,6,1,5,13,5.376657824933687,8,20,36,33,377
628,25,1,65,0,94,41,5,4,16,131,35,0,19,0,0,102,43,0,0,10,27,0,34,55,18,22,11,15,1,4,7,5.473913043478261,7,14,45,63,460
629,11,2,24,2,21,17,2,5,2,43,15,1,8,0,0,71,36,1,0,4,19,0,17,38,18,7,13,8,0,2,4,4.7186147186147185,3,22,30,41,231
630,27,2,74,1,102,49,4,2,5,141,17,0,23,0,0,126,42,2,0,2,40,0,44,75,24,25,12,3,2,2,4,5.046121593291405,2,13,43,56,477
631,28,4,66,0,82,22,1,0,4,84,8,0,24,0,0,81,29,0,1,10,21,0,23,61,20,8,10,2,2,4,3,5.212328767123288,6,10,37,26,292
632,22,2,49,0,43,21,2,3,2,54,14,0,5,0,0,52,22,1,0,7,12,0,8,41,13,7,12,0,0,0,2,4.147783251231527,0,17,28,8,203
633,34,5,68,2,76,49,4,4,6,106,62,0,24,0,0,96,39,2,0,5,21,0,22,58,24,10,20,11,2,0,6,5.110403397027601,0,52,37,26,471
634,20,6,25,1,43,20,2,3,4,60,13,0,7,0,1,62,25,1,0,1,11,0,14,19,11,10,17,13,1,0,4,4.934883720930233,0,11,34,19,215
635,35,16,60,4,85,32,0,0,11,113,51,0,22,0,2,137,32,0,0,3,37,0,40,86,13,12,15,9,7,8,5,4.4031936127744515,9,41,36,50,501
636,20,6,56,0,64,30,2,6,7,81,38,0,30,0,1,69,35,2,1,6,14,0,21,23,17,12,26,20,0,10,8,5.490909090909091,12,30,35,30,330
637,16,9,40,1,42,21,0,3,7,54,29,0,12,0,1,40,26,0,1,4,15,0,18,30,18,8,2,5,2,0,4,5.404347826086957,0,23,32,26,230
638,20,3,32,0,50,32,6,1,11,60,14,0,18,0,0,43,41,1,0,3,21,0,38,6,7,8,17,19,0,3,6,5.471544715447155,2,7,40,17,246
639,29,7,70,2,72,38,2,2,8,93,47,0,30,0,0,88,65,1,2,4,34,0,34,62,27,9,10,12,2,7,10,5.245862884160757,10,47,37,32,423
640,29,3,62,0,87,32,1,0,9,111,123,0,24,0,0,103,26,0,0,12,24,0,28,96,24,17,17,12,0,3,5,5.229965156794425,4,110,38,83,574
641,24,3,43,1,65,27,0,4,7,65,27,0,21,0,1,70,48,0,0,5,15,0,20,52,22,18,7,2,4,0,6,5.30718954248366,3,23,40,32,306
642,54,2,64,3,82,31,5,2,5,115,52,0,23,0,5,125,47,1,0,10,28,0,18,74,19,10,36,16,2,5,15,5.230964467005077,7,46,30,24,394
643,31,10,65,1,87,24,0,0,6,85,29,0,25,0,3,68,34,0,0,10,21,0,22,55,12,25,12,5,0,1,0,5.5,1,32,40,35,318
644,14,3,48,1,63,26,1,0,3,90,28,0,20,0,1,76,24,2,0,4,22,0,15,50,15,10,5,3,1,2,0,4.487341772151899,2,24,38,29,316
645,24,4,45,1,57,38,5,2,15,67,16,2,26,0,0,51,27,0,1,3,20,0,36,7,13,11,20,16,1,5,9,5.643636363636364,6,3,46,28,275
646,37,2,78,1,100,48,2,1,7,114,60,0,48,0,2,81,38,1,1,11,27,0,30,38,20,20,20,11,2,0,4,5.665948275862069,2,51,50,36,464
647,21,2,49,1,62,21,0,0,5,110,22,0,17,0,0,72,32,0,0,7,12,0,13,58,14,11,7,0,2,0,2,5.464174454828661,1,17,50,33,321
648,9,0,32,0,34,15,0,0,5,55,4,0,7,0,1,31,15,0,0,6,11,0,13,23,7,6,5,0,0,0,2,5.256944444444445,1,8,35,16,144
649,47,3,53,1,83,38,16,5,9,94,12,0,33,0,0,121,60,7,1,3,48,0,54,7,21,4,69,16,1,3,27,5.324582338902148,4,8,35,34,419
650,22,4,45,1,58,35,0,0,6,72,12,0,29,0,0,77,40,2,1,1,12,0,19,16,5,5,29,11,4,1,5,5.003508771929824,2,5,35,29,285
651,22,3,29,0,38,20,4,1,5,36,18,0,24,0,2,48,21,0,0,2,12,0,18,31,8,9,11,5,1,2,1,5.023255813953488,2,15,33,25,215
652,8,2,61,2,113,33,11,1,7,118,72,0,32,0,0,119,40,0,0,2,31,0,26,100,22,16,14,1,1,4,6,5.493150684931507,7,64,45,55,511
653,33,5,69,1,108,45,5,4,7,113,39,0,16,0,0,116,63,4,1,8,31,0,31,61,32,21,17,8,4,4,3,5.15546218487395,7,17,45,42,476
654,13,6,28,1,39,18,4,3,2,51,21,0,15,0,0,67,20,0,1,4,11,0,11,38,12,12,8,6,2,0,5,4.142335766423358,2,16,40,33,274
655,24,2,43,1,69,24,7,2,4,62,30,0,31,0,0,36,31,2,0,5,28,0,26,6,14,3,14,24,5,4,3,6.013937282229965,5,20,40,25,287
656,21,6,30,1,39,24,2,1,2,64,28,0,17,0,0,59,22,0,0,1,18,0,10,32,7,2,14,5,1,2,3,5.067226890756302,2,22,31,28,238
657,25,2,44,2,80,38,3,3,11,87,14,0,32,0,0,93,42,2,1,3,19,0,30,14,16,4,31,26,1,1,8,5.0162162162162165,2,3,36,30,370
658,50,5,85,4,105,42,3,1,7,124,14,0,20,0,3,121,40,1,1,9,23,0,27,85,17,11,16,2,2,2,11,4.510392609699769,8,10,35,55,433
659,28,3,72,3,94,43,1,2,8,112,18,0,31,0,1,96,31,2,0,8,28,0,28,65,22,13,18,9,5,3,6,5.086746987951807,4,19,42,50,415
660,30,2,48,1,68,47,4,0,12,71,14,0,42,0,0,84,40,0,1,4,25,0,43,32,12,12,21,24,3,6,7,5.058201058201059,6,4,35,41,378
661,13,4,19,0,27,8,1,3,3,44,2,0,6,0,1,35,15,0,0,4,7,0,10,24,4,4,4,3,0,0,2,4.836065573770492,0,6,30,14,122
662,41,5,63,2,98,33,1,6,11,114,52,0,28,0,1,111,48,0,1,9,34,0,35,72,27,2,21,18,7,3,2,5.1715575620767495,5,48,40,38,443
663,16,1,40,3,40,15,1,3,1,63,23,0,8,0,0,84,33,3,1,8,16,0,16,62,3,12,20,2,1,2,9,4.352739726027397,3,19,33,36,292
664,8,2,34,1,31,9,0,0,2,54,12,0,7,0,0,43,20,0,0,4,11,0,9,17,6,2,11,8,1,1,2,4.461038961038961,2,9,25,23,154
665,31,12,52,4,73,27,1,1,1,120,10,0,26,0,2,155,41,1,0,6,19,0,18,79,36,14,24,5,1,5,8,4.424019607843137,7,10,31,19,408
666,6,1,22,1,24,14,1,0,1,35,3,0,12,0,0,25,7,0,0,1,13,0,10,2,3,2,15,8,1,0,5,4.5772357723577235,0,11,25,18,123
667,35,3,107,2,108,41,6,0,6,151,11,0,47,0,1,79,42,0,0,18,23,0,20,91,30,17,1,2,1,5,3,5.577464788732394,6,2,44,54,497
668,34,5,84,0,89,38,2,2,11,121,28,0,28,0,0,80,42,2,0,8,21,0,25,65,21,17,10,10,2,0,6,5.363414634146341,2,19,42,58,410
669,31,7,84,0,106,51,3,3,11,103,64,0,24,0,0,84,49,3,0,3,29,0,35,84,11,24,17,2,6,4,3,5.4131868131868135,4,65,38,53,455
670,15,3,45,1,53,21,2,0,3,64,9,0,17,0,0,46,23,0,1,6,12,0,12,38,14,8,6,0,4,1,2,4.995575221238938,1,4,31,25,226
671,37,6,77,0,103,42,1,2,7,122,51,0,41,0,1,76,43,2,0,8,37,0,34,76,26,23,4,3,4,9,7,5.526530612244898,8,40,44,37,490
672,13,0,28,1,65,20,1,3,1,52,31,0,9,0,0,48,31,0,0,2,11,0,13,37,10,12,11,6,1,5,7,5.442982456140351,5,29,40,16,228
673,26,12,59,1,79,43,2,4,8,96,45,0,33,0,1,82,52,1,0,4,18,0,23,51,14,9,10,13,5,1,4,5.6683046683046685,2,31,46,47,407
674,22,4,58,0,77,30,4,0,2,119,53,0,41,0,0,45,21,1,0,4,10,0,9,9,20,11,14,21,2,1,0,6.330578512396694,3,39,41,35,363
675,28,2,63,5,89,45,3,1,6,98,27,0,26,0,3,135,65,1,1,6,34,0,33,100,15,12,19,7,6,0,10,4.797979797979798,2,22,37,46,495
676,20,3,52,2,72,45,3,1,8,95,20,0,19,0,1,97,44,0,0,15,29,0,31,62,25,16,8,8,2,1,10,4.958441558441558,2,8,45,41,385
677,22,7,48,1,47,20,0,2,2,77,15,0,14,0,0,54,27,0,1,9,13,0,8,43,14,14,7,4,3,5,3,5.217081850533808,5,13,40,29,281
678,21,4,57,1,66,25,2,1,0,72,35,0,12,0,0,32,18,0,0,3,15,0,8,28,9,4,7,17,2,1,3,5.364372469635628,1,28,34,22,247
679,27,3,48,0,52,24,1,5,2,69,42,0,21,0,1,47,30,0,0,6,12,0,11,38,10,11,10,11,2,3,4,5.520599250936329,2,49,31,26,267
680,21,3,36,0,41,31,2,2,10,64,12,1,18,0,0,43,25,3,0,4,17,0,28,3,10,3,22,20,1,3,9,4.680701754385965,4,8,40,26,285
681,1,7,60,0,68,16,0,3,7,95,85,0,18,0,1,83,20,0,1,7,17,0,17,58,10,15,13,8,1,3,0,5.413223140495868,3,78,35,34,363
682,34,5,60,3,96,48,5,2,19,99,72,4,35,0,1,97,54,0,0,4,14,0,34,35,24,10,37,22,5,7,15,5.224528301886792,6,61,40,70,530
683,25,1,19,1,32,19,5,0,6,43,21,0,12,0,0,48,18,1,0,0,14,0,18,3,9,4,17,13,3,2,4,4.564766839378239,3,13,30,14,193
684,28,6,34,1,48,16,3,0,9,48,11,0,32,0,0,52,25,0,0,0,15,0,29,19,15,4,8,9,0,0,5,5.790909090909091,1,5,40,20,220
685,24,4,46,1,73,37,3,2,10,55,10,0,26,0,0,74,44,1,0,2,15,0,24,36,7,5,37,5,6,5,8,5.130584192439863,8,19,32,35,291
686,14,1,7,0,24,10,1,1,0,32,3,0,7,0,0,45,13,0,0,1,9,0,7,27,5,5,4,0,2,0,4,4.459183673469388,0,4,27,5,98
687,19,5,32,0,59,10,2,4,9,59,23,0,22,0,0,71,24,1,0,1,19,0,25,20,8,10,15,17,1,3,9,5.063241106719367,3,15,36,21,253
688,31,4,51,0,68,24,1,1,2,81,39,0,21,0,0,88,29,0,0,6,9,0,13,68,15,13,11,5,0,2,11,5.116417910447761,7,41,34,36,335
689,22,11,66,0,105,41,4,2,10,127,33,0,26,0,0,131,58,0,1,8,29,0,31,36,22,12,30,17,5,8,6,4.837837837837838,8,18,30,43,481
690,30,5,71,0,79,23,3,4,3,107,35,0,25,0,2,104,33,0,0,16,35,0,30,72,22,8,17,3,1,1,10,4.821256038647343,1,38,39,36,414
691,24,4,18,0,47,20,5,2,2,42,6,1,14,0,0,49,26,4,2,1,9,0,15,8,6,3,21,10,4,0,7,5.221052631578948,1,5,30,18,190
692,12,10,72,2,74,39,3,4,4,103,117,0,36,0,0,120,44,3,0,13,14,0,18,31,20,9,54,23,8,3,11,5.5816993464052285,6,123,30,17,459
693,13,3,36,3,60,30,1,8,6,70,12,0,16,0,0,68,33,0,2,6,9,0,17,25,14,7,22,6,3,2,2,5.2811387900355875,5,7,40,34,281
694,37,2,25,1,67,23,1,0,11,69,11,0,16,0,0,117,34,1,0,3,24,0,32,66,23,9,11,5,1,5,1,4.641337386018237,5,16,32,42,329
695,20,1,35,2,39,20,1,0,5,54,9,0,17,0,1,49,26,0,0,5,12,0,16,33,16,7,6,2,1,3,5,5.0046728971962615,6,8,36,22,214
696,15,2,46,2,41,13,0,2,2,63,3,0,11,0,1,33,20,0,0,5,15,0,8,34,16,15,5,0,2,1,4,4.958549222797927,2,4,31,14,193
697,6,7,41,0,32,26,0,3,0,57,28,0,12,0,0,40,9,0,2,10,13,0,8,30,15,5,11,4,3,1,3,5.484848484848484,2,24,30,19,198
698,28,5,81,0,92,43,2,5,9,129,52,0,32,0,0,111,30,0,1,8,31,0,37,88,12,24,10,1,2,3,13,5.182012847965739,5,48,47,67,467
699,19,0,35,1,46,12,1,8,2,69,26,0,11,0,0,47,19,2,0,5,16,0,18,45,15,9,8,2,4,3,4,5.0120481927710845,5,22,40,28,249
700,17,1,45,0,54,18,1,2,5,79,8,1,11,0,0,72,27,0,0,3,20,0,23,40,10,14,12,4,0,3,4,5.0346153846153845,3,26,35,27,260
701,15,1,45,2,56,32,2,0,13,67,21,0,19,0,2,61,25,0,0,4,14,0,24,33,5,7,24,6,2,6,8,5.577205882352941,6,21,33,40,272
702,11,0,28,1,45,28,2,4,2,39,9,0,16,0,2,23,18,1,0,1,10,0,8,14,11,7,9,8,3,1,3,5.975155279503106,4,7,36,16,161
703,31,1,32,2,47,18,0,2,3,54,32,0,6,0,0,54,28,1,1,4,18,0,16,51,8,8,7,0,0,3,3,5.072727272727272,4,30,36,26,220
704,28,3,81,1,113,34,2,2,6,131,49,0,33,0,1,104,32,1,0,6,26,0,27,79,18,21,9,5,0,1,5,5.748329621380846,1,37,48,59,449
705,25,2,50,0,72,39,5,4,14,61,8,1,43,0,0,64,30,1,0,3,21,0,36,2,11,3,30,16,7,1,4,5.591973244147157,0,1,40,26,299
706,29,2,51,0,79,45,6,4,12,81,17,1,45,0,0,92,30,2,0,5,33,0,39,25,7,10,23,17,4,3,2,5.64095744680851,2,8,40,38,376
707,35,6,87,2,106,40,0,4,9,148,13,0,59,0,1,101,37,1,2,6,25,0,27,53,14,27,19,11,3,6,7,5.296052631578948,8,6,40,41,456
708,27,7,101,4,107,42,0,2,7,121,76,0,31,0,0,71,55,1,0,11,24,0,15,63,20,20,9,19,4,5,5,5.691666666666666,7,61,42,57,480
709,33,2,58,1,83,52,1,2,12,89,34,0,41,0,0,87,50,3,0,7,23,0,38,38,18,13,33,16,4,4,12,5.378190255220417,9,24,40,39,431
710,54,7,52,1,78,32,2,1,4,85,69,0,10,0,1,97,59,0,0,11,24,0,20,87,17,24,19,3,1,2,6,4.653153153153153,3,75,32,15,444
711,32,9,70,4,84,38,1,1,5,96,29,0,25,0,4,84,38,1,0,11,29,0,28,76,12,15,8,1,1,4,4,5.316076294277929,5,18,36,49,367
712,27,5,49,1,72,35,2,2,5,79,58,0,24,0,1,97,61,2,0,3,21,0,25,83,19,17,14,1,3,3,8,5.0,4,49,40,41,394
713,0,0,0,0,1,0,0,0,0,0,0,0,1,0,0,1,0,0,0,0,0,0,0,0,0,0,1,0,0,0,0,4.5,0,1,10,1,4
714,55,6,54,0,78,59,0,1,12,78,20,0,33,0,3,110,60,1,0,3,26,0,31,60,26,18,35,9,1,1,8,5.077114427860696,0,18,33,32,402
715,35,6,54,0,84,26,0,2,10,135,80,0,21,0,0,90,52,1,0,14,24,0,36,71,22,18,20,13,3,6,11,5.3632567849686845,9,81,44,46,479
716,43,2,64,2,75,27,4,1,7,110,18,0,23,0,5,116,45,1,0,14,26,0,26,84,29,15,9,6,3,3,6,5.134408602150538,5,7,35,33,372
717,35,12,64,2,74,31,0,3,8,113,58,0,31,0,2,90,50,0,0,10,57,0,50,76,9,10,15,7,1,6,2,5.239185750636132,6,53,30,23,393
718,54,12,56,1,94,35,4,3,19,102,70,0,40,0,1,111,54,2,0,6,20,0,40,47,7,8,27,16,3,4,8,5.305907172995781,3,56,35,28,474
719,25,4,47,0,54,31,1,7,8,63,43,0,26,0,1,73,39,2,0,3,15,0,20,39,9,4,22,5,1,0,3,5.103225806451613,0,37,32,34,310
720,35,6,84,0,110,35,0,2,6,127,64,0,33,0,0,70,42,0,0,7,24,0,24,68,21,23,10,10,5,6,4,5.9823788546255505,7,64,40,47,454
721,22,4,44,0,69,25,2,8,6,71,35,1,18,0,0,77,44,0,0,6,9,0,13,47,13,14,9,11,2,5,7,4.988888888888889,4,24,40,41,360
722,11,2,40,1,55,37,2,2,7,61,22,0,28,0,0,54,24,1,1,3,11,0,15,13,6,10,30,18,6,2,5,5.4601449275362315,4,13,40,30,276
